country_name,country_code,year,cc_per_rnk,ge_per_rnk,rq_per_rnk,rl_per_rnk,va_per_rnk
Afghanistan,AFG,2014,5.288462,8.173077,11.05769,4.326923,16.25616
Afghanistan,AFG,2015,6.25,8.173077,14.42308,3.365385,18.71921
Afghanistan,AFG,2016,3.365385,9.615385,7.211538,5.769231,20.68966
Afghanistan,AFG,2017,3.846154,9.134615,6.730769,4.807693,22.16749
Afghanistan,AFG,2018,4.326923,7.692307,10.57692,4.326923,20.68966
Albania,ALB,2014,34.61538,50,60.09615,43.26923,50.2463
Albania,ALB,2015,38.46154,53.84615,59.13462,44.23077,52.70936
Albania,ALB,2016,40.86538,52.88462,60.57692,41.82692,52.21675
Albania,ALB,2017,42.30769,55.76923,62.01923,38.94231,54.18719
Albania,ALB,2018,35.09615,57.69231,63.46154,39.42308,53.20197
Algeria,DZA,2014,32.21154,35.09615,8.173077,24.03846,25.12315
Algeria,DZA,2015,29.80769,35.57692,10.57692,19.23077,24.63054
Algeria,DZA,2016,27.88461,35.57692,10.09615,18.75,23.64532
Algeria,DZA,2017,30.28846,30.76923,10.57692,19.23077,23.15271
Algeria,DZA,2018,28.36539,37.01923,8.173077,22.11539,21.67488
American Samoa,ASM,2014,87.01923,70.19231,57.69231,87.5,0.00
American Samoa,ASM,2015,87.01923,70.19231,58.65385,87.98077,0.00
American Samoa,ASM,2016,87.5,71.63461,58.65385,87.98077,0.00
American Samoa,ASM,2017,93.75,71.15385,42.78846,88.46154,0.00
American Samoa,ASM,2018,94.23077,72.59615,40.86538,87.98077,0.00
Andorra,AND,2014,87.01923,94.23077,77.88461,90.38461,87.68473
Andorra,AND,2015,87.01923,95.67308,78.36539,89.90385,88.17734
Andorra,AND,2016,87.5,98.07692,78.36539,90.86539,87.19212
Andorra,AND,2017,86.53846,98.55769,85.57692,90.38461,86.20689
Andorra,AND,2018,86.53846,98.55769,85.09615,90.86539,83.25123
Angola,AGO,2014,3.846154,13.46154,16.82692,11.05769,15.27094
Angola,AGO,2015,3.846154,15.38461,17.78846,12.5,15.27094
Angola,AGO,2016,5.769231,13.46154,13.46154,12.5,16.74877
Angola,AGO,2017,6.25,14.90385,12.5,11.53846,17.73399
Angola,AGO,2018,11.53846,13.94231,12.98077,13.94231,22.6601
Anguilla,AIA,2014,87.01923,77.88461,77.88461,59.13462,0.00
Anguilla,AIA,2015,87.01923,79.32692,78.36539,56.73077,0.00
Anguilla,AIA,2016,87.5,87.98077,78.36539,51.92308,0.00
Anguilla,AIA,2017,86.53846,76.44231,77.88461,51.44231,0.00
Anguilla,AIA,2018,86.53846,76.44231,77.40385,51.44231,0.00
Antigua and Barbuda,ATG,2014,74.03846,51.92308,70.19231,49.51923,66.99507
Antigua and Barbuda,ATG,2015,75.48077,62.5,65.86539,70.67308,68.47291
Antigua and Barbuda,ATG,2016,74.51923,64.42308,65.38461,70.19231,67.98029
Antigua and Barbuda,ATG,2017,62.98077,53.84615,63.94231,66.82692,68.47291
Antigua and Barbuda,ATG,2018,63.46154,52.88462,66.82692,65.38461,69.45813
Argentina,ARG,2014,35.09615,46.63462,12.5,18.75,59.1133
Argentina,ARG,2015,33.65385,50,17.30769,24.03846,60.09852
Argentina,ARG,2016,47.11538,60.09615,33.65385,37.5,63.5468
Argentina,ARG,2017,47.59615,58.65385,41.34615,46.15385,65.51724
Argentina,ARG,2018,54.32692,54.80769,42.30769,45.67308,66.99507
Armenia,ARM,2014,36.05769,45.67308,59.61538,41.34615,30.54187
Armenia,ARM,2015,35.09615,48.55769,61.05769,41.34615,29.55665
Armenia,ARM,2016,32.69231,49.03846,62.98077,50.48077,31.03448
Armenia,ARM,2017,32.69231,49.51923,64.42308,49.51923,32.0197
Armenia,ARM,2018,42.78846,51.44231,62.5,48.55769,40.39409
Aruba,ABW,2014,81.73077,75.48077,88.46154,81.73077,92.11823
Aruba,ABW,2015,88.46154,76.44231,90.38461,85.57692,91.62562
Aruba,ABW,2016,89.42308,76.44231,88.94231,87.01923,92.11823
Aruba,ABW,2017,87.98077,79.32692,84.13461,87.01923,92.61084
Aruba,ABW,2018,87.01923,80.28846,77.88461,87.01923,91.62562
Australia,AUS,2014,95.19231,92.30769,98.07692,96.15385,93.59606
Australia,AUS,2015,94.23077,92.30769,96.15385,94.71154,93.10345
Australia,AUS,2016,93.26923,92.30769,97.59615,94.71154,94.08867
Australia,AUS,2017,92.78846,92.30769,98.07692,93.26923,94.58128
Australia,AUS,2018,92.78846,92.78846,98.07692,92.78846,95.56651
Austria,AUT,2014,90.38461,91.34615,91.34615,96.63461,94.58128
Austria,AUT,2015,90.86539,90.38461,91.34615,96.15385,94.08867
Austria,AUT,2016,91.34615,91.82692,91.34615,95.67308,93.59606
Austria,AUT,2017,90.86539,91.82692,90.86539,96.15385,93.59606
Austria,AUT,2018,91.34615,90.86539,91.34615,97.59615,93.10345
Azerbaijan,AZE,2014,14.42308,41.82692,44.23077,28.84615,7.389163
Azerbaijan,AZE,2015,16.82692,44.71154,46.15385,30.28846,6.896552
Azerbaijan,AZE,2016,19.23077,48.07692,43.75,32.21154,6.403941
Azerbaijan,AZE,2017,17.78846,47.59615,43.26923,32.21154,6.896552
Azerbaijan,AZE,2018,21.63461,49.03846,37.01923,29.32692,7.881773
Bahamas, The,BHS,2014,88.46154,74.03846,56.73077,75.48077,80.29556
Bahamas, The,BHS,2015,83.17308,73.55769,57.69231,72.59615,75.86207
Bahamas, The,BHS,2016,81.73077,74.03846,63.46154,60.57692,74.87685
Bahamas, The,BHS,2017,83.65385,72.59615,58.65385,60.09615,74.87685
Bahamas, The,BHS,2018,83.17308,71.63461,61.05769,57.21154,73.39902
Bahrain,BHR,2014,63.94231,72.59615,74.03846,68.26923,11.33005
Bahrain,BHR,2015,61.05769,73.07692,76.44231,67.30769,11.82266
Bahrain,BHR,2016,57.69231,65.86539,72.11539,67.30769,11.33005
Bahrain,BHR,2017,51.92308,61.05769,66.82692,67.30769,11.33005
Bahrain,BHR,2018,51.44231,59.61538,67.78846,66.34615,10.83744
Bangladesh,BGD,2014,19.23077,22.59615,17.78846,23.55769,32.0197
Bangladesh,BGD,2015,22.11539,24.03846,18.26923,25.96154,30.54187
Bangladesh,BGD,2016,18.75,25.48077,22.11539,27.88461,30.54187
Bangladesh,BGD,2017,19.23077,22.11539,20.67308,28.36539,30.04926
Bangladesh,BGD,2018,16.82692,21.63461,19.23077,28.36539,27.58621
Barbados,BRB,2014,82.69231,86.05769,64.42308,83.17308,85.71429
Barbados,BRB,2015,90.38461,80.28846,71.15385,82.21154,83.74384
Barbados,BRB,2016,87.98077,81.73077,68.75,77.40385,83.74384
Barbados,BRB,2017,89.42308,77.40385,70.67308,75.48077,84.23645
Barbados,BRB,2018,88.94231,68.75,72.11539,65.86539,84.23645
Belarus,BLR,2014,48.07692,34.61538,15.38461,20.67308,7.881773
Belarus,BLR,2015,46.63462,37.98077,14.90385,22.59615,8.374384
Belarus,BLR,2016,48.55769,36.05769,16.34615,26.44231,12.80788
Belarus,BLR,2017,47.11538,39.42308,24.51923,21.63461,12.31527
Belarus,BLR,2018,49.03846,40.38462,25.96154,19.23077,11.82266
Belgium,BEL,2014,91.34615,88.46154,84.61539,88.94231,94.08867
Belgium,BEL,2015,91.82692,88.94231,88.46154,88.94231,94.58128
Belgium,BEL,2016,92.78846,86.53846,88.46154,88.46154,95.56651
Belgium,BEL,2017,89.90385,85.09615,86.53846,87.5,95.07389
Belgium,BEL,2018,90.38461,83.65385,86.05769,88.46154,94.08867
Belize,BLZ,2014,51.92308,25.96154,33.17308,25.96154,65.02463
Belize,BLZ,2015,51.92308,25.96154,36.05769,27.88461,66.99507
Belize,BLZ,2016,49.51923,25.96154,31.25,18.26923,66.50246
Belize,BLZ,2017,45.67308,27.40385,31.25,15.86539,66.99507
Belize,BLZ,2018,51.92308,30.28846,26.44231,20.19231,61.08374
Benin,BEN,2014,29.80769,36.05769,31.25,36.05769,57.14286
Benin,BEN,2015,33.17308,30.28846,30.76923,33.65385,58.62069
Benin,BEN,2016,34.13462,33.65385,30.28846,30.76923,60.59113
Benin,BEN,2017,33.65385,25.96154,33.17308,30.28846,59.1133
Benin,BEN,2018,41.34615,32.69231,38.94231,26.92308,57.63547
Bermuda,BMU,2014,87.01923,77.88461,77.88461,59.13462,0.00
Bermuda,BMU,2015,87.01923,79.32692,78.36539,78.84615,0.00
Bermuda,BMU,2016,87.5,87.98077,78.36539,79.80769,0.00
Bermuda,BMU,2017,86.53846,89.90385,77.88461,79.32692,0.00
Bermuda,BMU,2018,86.53846,88.94231,77.40385,78.84615,0.00
Bhutan,BTN,2014,87.5,62.5,16.34615,67.78846,44.82759
Bhutan,BTN,2015,82.21154,67.78846,26.92308,70.19231,46.30542
Bhutan,BTN,2016,82.21154,70.19231,26.92308,68.75,46.30542
Bhutan,BTN,2017,91.82692,71.63461,38.94231,74.03846,46.79803
Bhutan,BTN,2018,91.82692,67.30769,39.42308,71.63461,49.7537
Bolivia,BOL,2014,30.28846,28.84615,20.67308,12.98077,48.27586
Bolivia,BOL,2015,26.92308,29.32692,19.23077,10.57692,46.79803
Bolivia,BOL,2016,25,33.17308,17.30769,9.615385,45.3202
Bolivia,BOL,2017,28.36539,37.98077,16.34615,9.615385,45.81281
Bolivia,BOL,2018,28.84615,39.90385,15.86539,9.615385,44.33498
Bosnia and Herzegovina,BIH,2014,47.59615,36.53846,50.96154,49.03846,46.30542
Bosnia and Herzegovina,BIH,2015,43.26923,33.17308,47.59615,46.15385,43.34975
Bosnia and Herzegovina,BIH,2016,37.01923,39.42308,48.55769,46.15385,41.87192
Bosnia and Herzegovina,BIH,2017,37.01923,34.61538,48.07692,47.11538,39.40887
Bosnia and Herzegovina,BIH,2018,31.73077,28.36539,45.19231,46.63462,37.43842
Botswana,BWA,2014,78.36539,66.34615,72.11539,74.03846,61.08374
Botswana,BWA,2015,77.40385,71.15385,68.26923,72.11539,61.57635
Botswana,BWA,2016,80.76923,71.15385,70.19231,71.15385,58.62069
Botswana,BWA,2017,78.84615,68.75,69.71154,69.23077,60.09852
Botswana,BWA,2018,77.88461,65.38461,68.75,68.75,62.56158
Brazil,BRA,2014,46.63462,47.59615,51.44231,56.25,62.06897
Brazil,BRA,2015,42.78846,48.07692,48.07692,51.44231,62.06897
Brazil,BRA,2016,42.78846,46.63462,46.63462,49.03846,62.06897
Brazil,BRA,2017,36.05769,41.82692,51.44231,43.26923,61.57635
Brazil,BRA,2018,40.38462,36.05769,39.90385,44.23077,60.59113
Brunei Darussalam,BRN,2014,69.71154,82.21154,79.80769,69.23077,29.06404
Brunei Darussalam,BRN,2015,69.23077,82.21154,76.92308,66.82692,26.10837
Brunei Darussalam,BRN,2016,70.19231,82.21154,71.15385,71.63461,23.15271
Brunei Darussalam,BRN,2017,75,84.13461,75.48077,74.51923,22.6601
Brunei Darussalam,BRN,2018,79.80769,87.01923,74.51923,75,24.63054
Bulgaria,BGR,2014,50.48077,57.69231,70.67308,56.73077,59.60591
Bulgaria,BGR,2015,49.51923,61.05769,70.67308,54.32692,61.08374
Bulgaria,BGR,2016,50.96154,64.90385,73.55769,52.40385,59.1133
Bulgaria,BGR,2017,50.96154,63.46154,72.59615,51.92308,58.62069
Bulgaria,BGR,2018,50.96154,62.98077,72.59615,53.36538,59.1133
Burkina Faso,BFA,2014,38.46154,29.32692,42.78846,33.17308,35.96059
Burkina Faso,BFA,2015,48.55769,30.76923,40.86538,34.61538,42.85714
Burkina Faso,BFA,2016,52.88462,34.13462,37.98077,35.09615,47.78325
Burkina Faso,BFA,2017,53.36538,31.25,34.61538,39.42308,48.27586
Burkina Faso,BFA,2018,53.36538,31.25,36.05769,34.61538,43.84237
Burundi,BDI,2014,8.653846,12.98077,27.40385,14.90385,21.18227
Burundi,BDI,2015,9.134615,11.53846,27.40385,9.615385,13.30049
Burundi,BDI,2016,10.09615,7.211538,20.67308,7.211538,7.881773
Burundi,BDI,2017,9.134615,8.173077,18.26923,7.211538,6.403941
Burundi,BDI,2018,5.288462,8.173077,13.46154,5.769231,5.418719
Cabo Verde,CPV,2014,79.32692,56.73077,48.07692,74.51923,75.36946
Cabo Verde,CPV,2015,79.80769,60.09615,45.19231,71.15385,75.36946
Cabo Verde,CPV,2016,78.84615,57.69231,42.78846,63.46154,76.84729
Cabo Verde,CPV,2017,80.28846,59.13462,46.15385,64.90385,76.84729
Cabo Verde,CPV,2018,78.36539,64.42308,43.26923,67.78846,79.80296
Cambodia,KHM,2014,11.53846,25,35.57692,15.86539,18.71921
Cambodia,KHM,2015,12.01923,25,31.73077,14.90385,18.2266
Cambodia,KHM,2016,9.134615,24.03846,34.13462,12.98077,18.2266
Cambodia,KHM,2017,8.653846,25.48077,32.21154,13.46154,15.76355
Cambodia,KHM,2018,8.653846,32.21154,32.69231,11.05769,13.7931
Cameroon,CMR,2014,10.57692,21.63461,19.71154,17.78846,21.67488
Cameroon,CMR,2015,12.98077,21.63461,16.82692,15.38461,22.6601
Cameroon,CMR,2016,11.53846,22.11539,23.07692,13.94231,21.18227
Cameroon,CMR,2017,11.05769,20.19231,20.19231,14.90385,20.19704
Cameroon,CMR,2018,11.05769,19.71154,20.19231,12.5,18.2266
Canada,CAN,2014,94.23077,95.19231,97.59615,95.19231,95.56651
Canada,CAN,2015,95.19231,94.71154,93.75,95.67308,96.05911
Canada,CAN,2016,96.15385,95.19231,94.23077,96.63461,96.05911
Canada,CAN,2017,95.67308,97.11539,97.59615,95.67308,96.05911
Canada,CAN,2018,94.71154,94.71154,93.75,94.71154,96.05911
Cayman Islands,CYM,2014,81.73077,85.57692,76.44231,73.07692,63.05419
Cayman Islands,CYM,2015,81.73077,84.61539,75.96154,77.40385,62.56158
Cayman Islands,CYM,2016,68.75,85.09615,75.96154,77.88461,63.05419
Cayman Islands,CYM,2017,69.23077,85.57692,75.96154,76.92308,62.06897
Cayman Islands,CYM,2018,68.26923,85.57692,80.76923,76.44231,64.03941
Central African Republic,CAF,2014,11.05769,1.442308,5.769231,1.442308,8.866995
Central African Republic,CAF,2015,7.211538,1.442308,5.288462,1.442308,13.7931
Central African Republic,CAF,2016,8.653846,2.884615,5.769231,2.403846,19.21182
Central African Republic,CAF,2017,11.53846,3.365385,4.807693,2.884615,17.24138
Central African Republic,CAF,2018,10.57692,2.884615,6.730769,3.846154,14.77833
Chad,TCD,2014,6.25,6.25,10.57692,9.615385,10.83744
Chad,TCD,2015,5.288462,6.730769,9.134615,8.653846,11.33005
Chad,TCD,2016,4.807693,6.25,9.615385,7.692307,11.82266
Chad,TCD,2017,5.288462,6.25,9.134615,8.653846,11.82266
Chad,TCD,2018,6.730769,6.730769,11.53846,7.211538,8.374384
Chile,CHL,2014,90.86539,84.61539,91.82692,87.98077,80.78818
Chile,CHL,2015,87.5,83.17308,88.94231,87.01923,79.31035
Chile,CHL,2016,82.69231,79.32692,89.90385,85.09615,77.83251
Chile,CHL,2017,82.21154,77.88461,88.94231,81.73077,79.31035
Chile,CHL,2018,81.73077,81.73077,88.94231,83.65385,82.26601
China,CHN,2014,45.67308,64.90385,43.75,38.94231,5.418719
China,CHN,2015,48.07692,68.26923,44.23077,39.90385,4.926108
China,CHN,2016,49.03846,66.82692,44.23077,41.34615,6.896552
China,CHN,2017,46.63462,67.78846,48.55769,44.71154,7.881773
China,CHN,2018,45.67308,69.71154,48.07692,48.07692,8.866995
Colombia,COL,2014,44.23077,49.51923,67.78846,44.71154,47.78325
Colombia,COL,2015,47.59615,52.40385,68.75,46.63462,47.78325
Colombia,COL,2016,44.71154,53.36538,67.30769,43.75,49.7537
Colombia,COL,2017,43.75,51.44231,65.86539,40.38462,49.26109
Colombia,COL,2018,44.71154,50,65.38461,38.46154,52.70936
Comoros,COM,2014,31.73077,2.403846,11.53846,18.26923,37.93103
Comoros,COM,2015,25.96154,5.769231,13.46154,21.63461,36.94581
Comoros,COM,2016,29.32692,5.288462,12.5,16.34615,37.93103
Comoros,COM,2017,26.44231,5.288462,12.98077,13.94231,36.4532
Comoros,COM,2018,22.59615,3.846154,11.05769,12.01923,33.00492
Congo, Dem. Rep.,COD,2014,7.211538,4.326923,6.730769,3.365385,12.31527
Congo, Dem. Rep.,COD,2015,8.173077,2.884615,6.25,2.884615,12.31527
Congo, Dem. Rep.,COD,2016,7.211538,6.730769,7.692307,4.807693,9.852217
Congo, Dem. Rep.,COD,2017,5.769231,4.807693,5.288462,3.846154,8.374384
Congo, Dem. Rep.,COD,2018,3.846154,5.769231,5.769231,2.884615,7.389163
Congo, Rep.,COG,2014,10.09615,14.42308,9.615385,11.53846,18.2266
Congo, Rep.,COG,2015,10.57692,14.90385,10.09615,12.98077,21.18227
Congo, Rep.,COG,2016,10.57692,12.01923,10.57692,12.01923,15.27094
Congo, Rep.,COG,2017,8.173077,10.57692,7.211538,12.01923,16.74877
Congo, Rep.,COG,2018,7.692307,10.09615,7.211538,11.53846,15.27094
Cook Islands,COK,2014,0.00,0.00,0.00,0.00,0.00
Cook Islands,COK,2015,0.00,0.00,0.00,0.00,0.00
Cook Islands,COK,2016,0.00,0.00,0.00,0.00,0.00
Cook Islands,COK,2017,0.00,0.00,0.00,0.00,0.00
Cook Islands,COK,2018,0.00,0.00,0.00,0.00,0.00
Costa Rica,CRI,2014,75,68.75,68.26923,72.11539,85.22167
Costa Rica,CRI,2015,75.96154,66.82692,69.71154,69.71154,86.20689
Costa Rica,CRI,2016,76.44231,67.30769,67.78846,68.26923,84.72906
Costa Rica,CRI,2017,66.82692,62.01923,69.23077,67.78846,84.72906
Costa Rica,CRI,2018,70.67308,67.78846,69.23077,69.23077,84.72906
Cote d'Ivoire,CIV,2014,42.30769,19.71154,30.28846,32.69231,31.03448
Cote d'Ivoire,CIV,2015,41.34615,25.48077,34.13462,30.76923,33.00492
Cote d'Ivoire,CIV,2016,33.17308,26.44231,39.90385,29.32692,36.4532
Cote d'Ivoire,CIV,2017,36.53846,20.67308,37.98077,29.80769,37.93103
Cote d'Ivoire,CIV,2018,36.53846,31.73077,46.15385,30.76923,37.93103
Croatia,HRV,2014,62.01923,73.07692,65.86539,65.86539,64.03941
Croatia,HRV,2015,63.94231,72.11539,65.38461,62.5,65.51724
Croatia,HRV,2016,62.5,69.71154,65.86539,66.34615,65.02463
Croatia,HRV,2017,61.05769,72.11539,68.75,63.46154,64.03941
Croatia,HRV,2018,60.09615,69.23077,68.26923,62.98077,64.53202
Cuba,CUB,2014,58.65385,52.88462,7.692307,29.80769,6.403941
Cuba,CUB,2015,60.09615,54.32692,7.692307,28.36539,6.403941
Cuba,CUB,2016,62.01923,50,6.730769,34.61538,7.389163
Cuba,CUB,2017,64.42308,45.67308,7.692307,35.09615,7.389163
Cuba,CUB,2018,61.05769,44.71154,6.25,35.09615,9.852217
Cyprus,CYP,2014,82.21154,83.65385,82.69231,82.69231,78.32513
Cyprus,CYP,2015,80.76923,81.25,80.76923,81.73077,80.78818
Cyprus,CYP,2016,77.88461,77.88461,82.69231,75.48077,82.75862
Cyprus,CYP,2017,78.36539,79.80769,81.25,79.80769,83.25123
Cyprus,CYP,2018,74.03846,77.88461,81.25,75.96154,80.78818
Czech Republic,CZE,2014,66.34615,80.76923,80.76923,84.61539,78.81773
Czech Republic,CZE,2015,67.30769,80.76923,82.21154,84.13461,82.26601
Czech Republic,CZE,2016,69.23077,79.80769,80.76923,82.21154,81.28078
Czech Republic,CZE,2017,70.67308,81.25,86.05769,83.65385,77.3399
Czech Republic,CZE,2018,69.23077,78.36539,87.01923,81.73077,78.32513
Denmark,DNK,2014,99.51923,97.11539,93.75,99.51923,97.04433
Denmark,DNK,2015,98.07692,97.59615,94.71154,99.51923,97.53695
Denmark,DNK,2016,99.03846,99.03846,92.30769,97.59615,99.01478
Denmark,DNK,2017,98.55769,95.67308,92.30769,97.59615,96.55173
Denmark,DNK,2018,98.55769,97.11539,94.23077,96.63461,98.02956
Djibouti,DJI,2014,32.69231,16.34615,31.73077,19.23077,8.374384
Djibouti,DJI,2015,28.84615,16.82692,27.88461,17.78846,9.359606
Djibouti,DJI,2016,30.76923,16.82692,25.48077,16.82692,10.83744
Djibouti,DJI,2017,28.84615,14.42308,28.36539,17.78846,10.34483
Djibouti,DJI,2018,26.44231,17.30769,24.51923,17.30769,11.33005
Dominica,DMA,2014,71.63461,57.21154,62.01923,70.19231,81.28078
Dominica,DMA,2015,71.63461,58.17308,60.57692,74.03846,74.38424
Dominica,DMA,2016,70.67308,55.28846,61.53846,72.59615,75.36946
Dominica,DMA,2017,73.55769,42.78846,59.13462,75,75.36946
Dominica,DMA,2018,70.19231,40.86538,57.69231,74.03846,74.38424
Dominican Republic,DOM,2014,23.07692,37.5,51.92308,39.42308,54.18719
Dominican Republic,DOM,2015,21.15385,41.34615,52.88462,35.09615,52.21675
Dominican Republic,DOM,2016,23.07692,43.26923,53.36538,37.01923,52.70936
Dominican Republic,DOM,2017,24.51923,38.46154,52.88462,36.05769,52.21675
Dominican Republic,DOM,2018,24.51923,39.42308,50.48077,38.94231,51.23153
Ecuador,ECU,2014,25,35.57692,15.86539,12.01923,39.90148
Ecuador,ECU,2015,28.36539,38.46154,11.53846,13.94231,39.40887
Ecuador,ECU,2016,27.40385,37.5,12.98077,25,38.42365
Ecuador,ECU,2017,30.76923,39.90385,14.42308,25.48077,40.8867
Ecuador,ECU,2018,32.69231,42.78846,16.34615,28.84615,47.29064
Egypt, Arab Rep.,EGY,2014,30.76923,20.19231,26.44231,29.32692,14.77833
Egypt, Arab Rep.,EGY,2015,30.76923,22.11539,22.11539,31.25,14.77833
Egypt, Arab Rep.,EGY,2016,31.25,27.88461,17.78846,32.69231,14.28571
Egypt, Arab Rep.,EGY,2017,34.13462,29.32692,17.30769,32.69231,13.30049
Egypt, Arab Rep.,EGY,2018,30.76923,30.76923,17.78846,37.5,13.30049
El Salvador,SLV,2014,43.26923,54.32692,63.46154,36.53846,51.23153
El Salvador,SLV,2015,42.30769,45.67308,59.61538,31.73077,51.72414
El Salvador,SLV,2016,33.65385,42.30769,57.21154,26.92308,53.20197
El Salvador,SLV,2017,37.98077,38.94231,47.59615,20.19231,51.72414
El Salvador,SLV,2018,29.80769,36.53846,53.84615,19.71154,48.27586
Equatorial Guinea,GNQ,2014,0,5.769231,7.211538,3.846154,1.970443
Equatorial Guinea,GNQ,2015,0,7.211538,5.769231,4.326923,1.970443
Equatorial Guinea,GNQ,2016,0,7.692307,6.25,5.288462,1.970443
Equatorial Guinea,GNQ,2017,0,6.730769,6.25,5.769231,1.477833
Equatorial Guinea,GNQ,2018,2.403846,9.615385,4.807693,6.730769,2.463054
Eritrea,ERI,2014,18.75,3.365385,0.4807692,2.403846,1.477833
Eritrea,ERI,2015,7.692307,4.807693,1.442308,3.846154,0.9852217
Eritrea,ERI,2016,8.173077,3.365385,1.442308,4.326923,0.4926108
Eritrea,ERI,2017,10.57692,3.846154,1.442308,5.288462,0.4926108
Eritrea,ERI,2018,9.134615,2.403846,1.923077,5.288462,0.4926108
Estonia,EST,2014,87.98077,80.28846,93.26923,86.53846,88.17734
Estonia,EST,2015,87.98077,82.69231,93.26923,86.53846,87.19212
Estonia,EST,2016,88.94231,82.69231,93.26923,86.53846,89.16256
Estonia,EST,2017,87.01923,82.69231,93.26923,86.53846,89.65517
Estonia,EST,2018,89.90385,84.61539,91.82692,86.53846,89.65517
Eswatini,SWZ,2014,41.34615,30.76923,33.65385,44.23077,10.34483
Eswatini,SWZ,2015,43.75,32.21154,33.17308,44.71154,9.852217
Eswatini,SWZ,2016,37.98077,31.25,29.32692,38.94231,8.866995
Eswatini,SWZ,2017,46.15385,32.69231,30.76923,43.75,9.852217
Eswatini,SWZ,2018,47.11538,25,29.80769,45.19231,12.31527
Ethiopia,ETH,2014,39.42308,38.46154,13.46154,37.5,12.80788
Ethiopia,ETH,2015,40.86538,29.80769,12.98077,35.57692,12.80788
Ethiopia,ETH,2016,39.90385,28.84615,11.53846,33.65385,9.359606
Ethiopia,ETH,2017,33.17308,24.03846,13.94231,33.65385,9.359606
Ethiopia,ETH,2018,37.5,29.32692,13.94231,36.53846,16.25616
Fiji,FJI,2014,61.05769,41.34615,38.94231,34.61538,41.87192
Fiji,FJI,2015,62.01923,43.75,41.34615,40.38462,48.27586
Fiji,FJI,2016,61.53846,43.75,39.42308,44.71154,48.27586
Fiji,FJI,2017,65.38461,57.21154,45.19231,45.67308,53.20197
Fiji,FJI,2018,67.30769,62.5,44.71154,50,54.6798
Finland,FIN,2014,98.55769,99.03846,98.55769,100,97.53695
Finland,FIN,2015,99.51923,96.15385,98.07692,100,96.55173
Finland,FIN,2016,99.51923,96.15385,96.63461,99.03846,97.04433
Finland,FIN,2017,99.03846,98.07692,96.63461,100,97.53695
Finland,FIN,2018,100,99.03846,97.11539,100,98.52217
France,FRA,2014,88.94231,88.94231,81.73077,88.46154,89.65517
France,FRA,2015,88.94231,88.46154,83.65385,88.46154,89.65517
France,FRA,2016,90.38461,90.38461,83.17308,88.94231,85.22167
France,FRA,2017,87.5,87.98077,83.65385,89.42308,85.71429
France,FRA,2018,87.98077,91.82692,83.65385,88.94231,88.17734
French Guiana,GUF,2014,81.73077,83.17308,90.86539,82.21154,92.11823
French Guiana,GUF,2015,81.73077,84.13461,91.82692,86.05769,91.62562
French Guiana,GUF,2016,81.25,84.13461,90.86539,87.5,92.11823
French Guiana,GUF,2017,81.73077,88.46154,87.5,86.05769,92.61084
French Guiana,GUF,2018,81.25,89.42308,87.5,85.57692,91.62562
Gabon,GAB,2014,28.36539,26.92308,25.96154,35.09615,23.64532
Gabon,GAB,2015,26.44231,23.55769,25,33.17308,23.15271
Gabon,GAB,2016,23.55769,21.15385,21.63461,31.25,22.6601
Gabon,GAB,2017,20.19231,17.30769,22.59615,26.92308,19.70443
Gabon,GAB,2018,19.71154,18.75,16.82692,24.51923,22.16749
Gambia, The,GMB,2014,27.88461,25.48077,34.13462,27.88461,13.30049
Gambia, The,GMB,2015,23.07692,18.75,33.65385,27.40385,8.866995
Gambia, The,GMB,2016,21.63461,19.23077,31.73077,24.03846,13.30049
Gambia, The,GMB,2017,29.80769,26.44231,34.13462,34.61538,29.55665
Gambia, The,GMB,2018,38.94231,27.40385,28.36539,36.05769,38.42365
Georgia,GEO,2014,76.44231,71.63461,79.32692,64.90385,57.63547
Georgia,GEO,2015,74.51923,67.30769,78.84615,64.42308,56.65025
Georgia,GEO,2016,74.03846,70.67308,81.73077,64.90385,55.66502
Georgia,GEO,2017,77.40385,73.07692,81.73077,62.98077,54.6798
Georgia,GEO,2018,76.44231,74.03846,83.17308,63.94231,56.15763
Germany,DEU,2014,94.71154,94.71154,94.23077,93.75,96.05911
Germany,DEU,2015,93.26923,93.75,94.23077,93.26923,95.56651
Germany,DEU,2016,93.75,94.23077,96.15385,91.82692,95.07389
Germany,DEU,2017,94.23077,94.23077,95.19231,91.34615,95.56651
Germany,DEU,2018,95.19231,93.26923,94.71154,91.34615,95.07389
Ghana,GHA,2014,52.40385,43.75,53.36538,60.09615,61.57635
Ghana,GHA,2015,52.88462,46.15385,53.84615,60.57692,64.03941
Ghana,GHA,2016,52.40385,47.59615,45.67308,55.76923,67.48769
Ghana,GHA,2017,49.03846,49.03846,49.51923,59.13462,67.48769
Ghana,GHA,2018,52.88462,46.15385,50,56.73077,67.98029
Greece,GRC,2014,53.36538,69.23077,63.94231,66.34615,68.47291
Greece,GRC,2015,55.28846,64.42308,66.82692,63.94231,70.44335
Greece,GRC,2016,55.28846,62.5,59.13462,57.69231,70.44335
Greece,GRC,2017,52.88462,66.34615,62.98077,56.73077,70.93596
Greece,GRC,2018,55.76923,65.86539,64.42308,59.13462,75.36946
Greenland,GRL,2014,84.13461,75.96154,89.90385,91.82692,92.11823
Greenland,GRL,2015,84.13461,75.96154,89.90385,92.30769,91.62562
Greenland,GRL,2016,83.65385,75.48077,87.98077,94.23077,92.11823
Greenland,GRL,2017,84.13461,76.92308,88.46154,94.71154,92.61084
Greenland,GRL,2018,84.13461,76.92308,89.90385,94.23077,91.62562
Grenada,GRD,2014,62.98077,49.03846,58.65385,50.48077,73.39902
Grenada,GRD,2015,68.75,47.59615,55.28846,61.05769,72.4138
Grenada,GRD,2016,69.71154,46.15385,56.25,72.11539,72.4138
Grenada,GRD,2017,67.30769,46.63462,53.84615,66.34615,71.92118
Grenada,GRD,2018,66.82692,43.75,40.38462,62.5,65.51724
Guam,GUM,2014,87.01923,70.19231,57.69231,87.5,0.00
Guam,GUM,2015,87.01923,70.19231,58.65385,87.98077,0.00
Guam,GUM,2016,87.5,64.42308,58.65385,84.61539,0.00
Guam,GUM,2017,86.53846,65.38461,58.17308,88.46154,0.00
Guam,GUM,2018,86.53846,63.46154,58.17308,87.98077,0.00
Guatemala,GTM,2014,27.40385,23.55769,47.11538,15.38461,36.94581
Guatemala,GTM,2015,25,24.51923,47.11538,16.34615,35.96059
Guatemala,GTM,2016,24.03846,30.76923,47.11538,14.90385,36.94581
Guatemala,GTM,2017,24.03846,26.92308,41.82692,12.98077,36.94581
Guatemala,GTM,2018,22.11539,23.55769,45.67308,13.46154,35.46798
Guinea,GIN,2014,13.46154,10.57692,13.94231,6.25,24.13793
Guinea,GIN,2015,14.42308,12.5,20.19231,10.09615,24.13793
Guinea,GIN,2016,15.86539,14.90385,19.23077,9.134615,25.12315
Guinea,GIN,2017,14.42308,13.94231,17.78846,9.134615,25.61576
Guinea,GIN,2018,13.94231,16.34615,21.63461,9.134615,26.10837
Guinea-Bissau,GNB,2014,2.884615,3.846154,10.09615,7.211538,24.63054
Guinea-Bissau,GNB,2015,2.403846,3.846154,9.615385,6.730769,26.60098
Guinea-Bissau,GNB,2016,2.884615,3.846154,8.653846,6.730769,26.10837
Guinea-Bissau,GNB,2017,2.884615,2.884615,11.05769,6.730769,24.63054
Guinea-Bissau,GNB,2018,3.365385,7.211538,9.615385,8.653846,29.06404
Guyana,GUY,2014,26.92308,44.71154,32.21154,31.73077,52.21675
Guyana,GUY,2015,31.25,42.30769,32.69231,34.13462,53.20197
Guyana,GUY,2016,44.23077,41.82692,36.53846,42.78846,54.6798
Guyana,GUY,2017,37.5,41.34615,37.5,42.78846,55.66502
Guyana,GUY,2018,46.63462,41.82692,32.21154,41.82692,56.65025
Haiti,HTI,2014,9.134615,0.9615384,12.98077,8.653846,25.61576
Haiti,HTI,2015,10.09615,0.9615384,11.05769,9.134615,25.12315
Haiti,HTI,2016,7.692307,0.9615384,8.173077,15.86539,25.61576
Haiti,HTI,2017,10.09615,0.9615384,8.173077,12.5,26.10837
Haiti,HTI,2018,9.615385,1.442308,8.653846,15.86539,26.60098
Honduras,HND,2014,23.55769,21.15385,37.5,16.34615,33.99015
Honduras,HND,2015,32.69231,20.19231,38.94231,16.82692,31.52709
Honduras,HND,2016,29.80769,23.07692,30.76923,11.05769,32.51231
Honduras,HND,2017,25.48077,34.13462,35.09615,14.42308,32.51231
Honduras,HND,2018,29.32692,27.88461,34.61538,16.34615,31.52709
Hong Kong SAR, China,HKG,2014,92.30769,98.07692,99.51923,94.23077,65.51724
Hong Kong SAR, China,HKG,2015,92.78846,99.03846,99.51923,95.19231,64.53202
Hong Kong SAR, China,HKG,2016,91.82692,97.11539,99.51923,93.26923,58.12808
Hong Kong SAR, China,HKG,2017,92.30769,97.59615,100,93.75,60.59113
Hong Kong SAR, China,HKG,2018,92.30769,98.07692,100,95.19231,62.06897
Hungary,HUN,2014,60.57692,72.11539,75.48077,71.15385,66.00985
Hungary,HUN,2015,61.53846,70.67308,74.51923,66.34615,66.50246
Hungary,HUN,2016,60.57692,69.23077,71.63461,66.82692,59.60591
Hungary,HUN,2017,59.13462,70.19231,73.07692,70.19231,58.12808
Hungary,HUN,2018,59.61538,70.19231,73.07692,72.11539,58.62069
Iceland,ISL,2014,93.75,90.86539,87.01923,90.86539,93.10345
Iceland,ISL,2015,95.67308,90.86539,86.53846,90.86539,93.59606
Iceland,ISL,2016,95.19231,89.90385,86.53846,90.38461,94.58128
Iceland,ISL,2017,93.26923,91.34615,90.38461,90.86539,94.08867
Iceland,ISL,2018,93.75,91.34615,90.38461,93.26923,94.58128
India,IND,2014,41.82692,45.19231,34.61538,54.80769,60.09852
India,IND,2015,44.71154,56.25,39.90385,55.76923,60.59113
India,IND,2016,47.59615,55.76923,41.34615,53.36538,61.57635
India,IND,2017,48.55769,56.73077,42.30769,52.88462,59.60591
India,IND,2018,49.51923,63.94231,46.63462,55.28846,60.09852
Indonesia,IDN,2014,33.65385,53.84615,50,42.78846,51.72414
Indonesia,IDN,2015,39.42308,45.19231,46.63462,39.42308,53.69458
Indonesia,IDN,2016,41.82692,52.40385,50,40.38462,51.72414
Indonesia,IDN,2017,48.07692,54.80769,51.92308,40.86538,50.73891
Indonesia,IDN,2018,46.15385,59.13462,50.96154,42.78846,52.21675
Iran, Islamic Rep.,IRN,2014,31.25,37.98077,4.807693,12.5,5.91133
Iran, Islamic Rep.,IRN,2015,31.73077,46.63462,6.730769,17.30769,7.881773
Iran, Islamic Rep.,IRN,2016,26.44231,45.19231,9.134615,27.40385,12.31527
Iran, Islamic Rep.,IRN,2017,20.67308,44.71154,10.09615,26.44231,12.80788
Iran, Islamic Rep.,IRN,2018,15.86539,37.5,7.692307,25,12.80788
Iraq,IRQ,2014,5.769231,13.94231,8.653846,6.730769,15.76355
Iraq,IRQ,2015,4.807693,9.615385,7.211538,5.769231,17.73399
Iraq,IRQ,2016,6.25,9.134615,11.05769,3.846154,22.16749
Iraq,IRQ,2017,6.730769,9.615385,9.615385,4.326923,20.68966
Iraq,IRQ,2018,7.211538,9.134615,9.134615,3.365385,21.18227
Ireland,IRL,2014,91.82692,91.82692,95.19231,92.78846,92.61084
Ireland,IRL,2015,92.30769,91.82692,97.59615,92.78846,92.61084
Ireland,IRL,2016,92.30769,88.46154,94.71154,89.90385,92.61084
Ireland,IRL,2017,91.34615,87.01923,91.82692,88.94231,90.6404
Ireland,IRL,2018,90.86539,89.90385,92.78846,89.90385,92.11823
Israel,ISR,2014,78.84615,87.01923,86.53846,83.65385,70.93596
Israel,ISR,2015,79.32692,87.5,86.05769,85.09615,71.92118
Israel,ISR,2016,84.61539,88.94231,87.5,82.69231,71.92118
Israel,ISR,2017,79.80769,89.42308,87.01923,82.21154,70.44335
Israel,ISR,2018,79.32692,86.05769,86.53846,80.76923,69.95074
Italy,ITA,2014,56.25,68.26923,72.59615,67.30769,77.83251
Italy,ITA,2015,57.69231,69.23077,73.55769,64.90385,81.28078
Italy,ITA,2016,59.61538,72.11539,75,62.01923,81.7734
Italy,ITA,2017,61.53846,69.71154,75,62.5,82.75862
Italy,ITA,2018,62.01923,68.26923,73.55769,61.53846,81.7734
Jamaica,JAM,2014,48.55769,60.57692,56.25,45.67308,67.48769
Jamaica,JAM,2015,50.96154,63.94231,56.25,47.59615,68.96552
Jamaica,JAM,2016,51.44231,68.75,59.61538,47.11538,70.93596
Jamaica,JAM,2017,50.48077,69.23077,60.09615,49.03846,69.45813
Jamaica,JAM,2018,50,70.67308,62.98077,46.15385,68.96552
Japan,JPN,2014,92.78846,96.15385,84.13461,89.42308,79.31035
Japan,JPN,2015,91.34615,95.19231,85.09615,89.42308,78.81773
Japan,JPN,2016,90.86539,95.67308,90.38461,89.42308,77.3399
Japan,JPN,2017,90.38461,93.26923,89.90385,89.90385,80.29556
Japan,JPN,2018,89.42308,94.23077,87.98077,90.38461,80.29556
Jersey, Channel Islands,JEY,2014,84.13461,87.5,85.09615,91.82692,92.11823
Jersey, Channel Islands,JEY,2015,84.13461,87.01923,84.13461,92.30769,91.62562
Jersey, Channel Islands,JEY,2016,83.17308,86.05769,74.51923,94.23077,92.11823
Jersey, Channel Islands,JEY,2017,83.17308,86.05769,74.03846,94.71154,92.61084
Jersey, Channel Islands,JEY,2018,82.69231,87.5,75.48077,94.23077,91.62562
Jordan,JOR,2014,59.61538,59.13462,54.80769,68.75,26.60098
Jordan,JOR,2015,64.42308,59.13462,54.80769,67.78846,25.61576
Jordan,JOR,2016,64.90385,59.13462,54.32692,61.05769,27.0936
Jordan,JOR,2017,63.94231,57.69231,57.69231,61.05769,26.60098
Jordan,JOR,2018,60.57692,57.21154,58.65385,60.57692,28.07882
Kazakhstan,KAZ,2014,22.59615,53.36538,45.19231,32.21154,14.28571
Kazakhstan,KAZ,2015,19.71154,50.48077,53.36538,38.94231,16.25616
Kazakhstan,KAZ,2016,20.67308,50.96154,51.92308,36.05769,13.7931
Kazakhstan,KAZ,2017,19.71154,52.88462,61.05769,38.46154,13.7931
Kazakhstan,KAZ,2018,36.05769,54.32692,60.09615,35.57692,15.76355
Kenya,KEN,2014,16.34615,42.78846,42.30769,38.46154,42.85714
Kenya,KEN,2015,13.94231,43.26923,42.78846,36.53846,42.36453
Kenya,KEN,2016,16.82692,40.86538,41.82692,35.57692,42.36453
Kenya,KEN,2017,15.38461,40.38462,43.75,37.98077,39.90148
Kenya,KEN,2018,19.23077,38.94231,43.75,37.98077,34.97537
Kiribati,KIR,2014,63.46154,31.25,18.26923,52.40385,73.89162
Kiribati,KIR,2015,62.98077,36.05769,19.71154,50.48077,77.83251
Kiribati,KIR,2016,64.42308,37.01923,20.19231,59.61538,78.81773
Kiribati,KIR,2017,66.34615,43.26923,19.71154,69.71154,81.7734
Kiribati,KIR,2018,64.90385,41.34615,22.11539,69.71154,87.68473
Korea, Dem. People’s Rep.,PRK,2014,7.692307,2.884615,0,1.923077,0.4926108
Korea, Dem. People’s Rep.,PRK,2015,9.615385,2.403846,0,1.923077,0.4926108
Korea, Dem. People’s Rep.,PRK,2016,5.288462,4.326923,0,2.884615,0
Korea, Dem. People’s Rep.,PRK,2017,4.807693,4.326923,0,3.365385,0
Korea, Dem. People’s Rep.,PRK,2018,1.923077,5.288462,0,4.807693,0
Korea, Rep.,KOR,2014,70.19231,85.09615,83.17308,80.76923,70.44335
Korea, Rep.,KOR,2015,66.82692,79.80769,83.17308,80.28846,69.45813
Korea, Rep.,KOR,2016,67.30769,80.76923,84.13461,86.05769,68.47291
Korea, Rep.,KOR,2017,67.78846,82.21154,82.21154,85.57692,71.42857
Korea, Rep.,KOR,2018,72.11539,84.13461,82.21154,86.05769,73.89162
Kosovo,XKX,2014,36.53846,43.26923,48.55769,37.01923,40.39409
Kosovo,XKX,2015,34.13462,39.90385,43.26923,37.98077,41.87192
Kosovo,XKX,2016,40.38462,37.98077,47.59615,39.90385,41.37931
Kosovo,XKX,2017,38.46154,37.01923,50,35.57692,42.36453
Kosovo,XKX,2018,35.57692,37.98077,41.34615,40.38462,39.90148
Kuwait,KWT,2014,50.96154,47.11538,49.03846,59.61538,28.57143
Kuwait,KWT,2015,51.44231,52.88462,48.55769,57.21154,28.07882
Kuwait,KWT,2016,48.07692,48.55769,52.88462,55.28846,29.06404
Kuwait,KWT,2017,44.71154,46.15385,53.36538,57.69231,30.54187
Kuwait,KWT,2018,45.19231,49.51923,54.32692,60.09615,30.54187
Kyrgyz Republic,KGZ,2014,12.01923,17.78846,35.09615,16.82692,32.51231
Kyrgyz Republic,KGZ,2015,11.05769,18.26923,34.61538,14.42308,33.49754
Kyrgyz Republic,KGZ,2016,12.5,17.78846,40.38462,14.42308,33.49754
Kyrgyz Republic,KGZ,2017,12.98077,23.07692,38.46154,17.30769,33.00492
Kyrgyz Republic,KGZ,2018,16.34615,28.84615,37.98077,17.78846,33.99015
Lao PDR,LAO,2014,21.15385,39.42308,21.63461,25.48077,4.433497
Lao PDR,LAO,2015,17.78846,35.09615,23.55769,23.55769,4.433497
Lao PDR,LAO,2016,14.42308,38.94231,24.51923,20.67308,4.433497
Lao PDR,LAO,2017,15.86539,37.5,25.48077,18.26923,4.433497
Lao PDR,LAO,2018,15.38461,24.51923,20.67308,18.75,4.433497
Latvia,LVA,2014,67.78846,78.36539,85.57692,78.36539,72.4138
Latvia,LVA,2015,67.78846,83.65385,81.25,76.44231,73.39902
Latvia,LVA,2016,66.82692,78.84615,83.65385,80.28846,73.89162
Latvia,LVA,2017,69.71154,78.84615,82.69231,80.28846,73.89162
Latvia,LVA,2018,64.42308,79.80769,85.57692,79.32692,74.87685
Lebanon,LBN,2014,13.94231,40.86538,45.67308,24.51923,33.49754
Lebanon,LBN,2015,19.23077,37.01923,43.75,21.15385,31.03448
Lebanon,LBN,2016,13.94231,35.09615,40.86538,19.23077,32.0197
Lebanon,LBN,2017,14.90385,33.65385,40.86538,21.15385,31.52709
Lebanon,LBN,2018,12.01923,25.96154,38.46154,23.55769,32.0197
Lesotho,LSO,2014,61.53846,31.73077,36.05769,48.07692,53.69458
Lesotho,LSO,2015,59.61538,26.44231,38.46154,50,50.2463
Lesotho,LSO,2016,56.73077,20.19231,38.46154,47.59615,48.76847
Lesotho,LSO,2017,55.76923,19.23077,39.90385,44.23077,47.78325
Lesotho,LSO,2018,53.84615,18.26923,33.17308,41.34615,50.73891
Liberia,LBR,2014,24.03846,7.692307,21.15385,21.63461,38.91626
Liberia,LBR,2015,30.28846,7.692307,21.15385,19.71154,38.42365
Liberia,LBR,2016,25.48077,8.653846,15.86539,17.30769,42.85714
Liberia,LBR,2017,27.40385,8.653846,15.38461,16.34615,46.30542
Liberia,LBR,2018,20.19231,8.653846,14.42308,16.82692,43.34975
Libya,LBY,2014,1.442308,1.923077,1.442308,2.884615,17.24138
Libya,LBY,2015,0.9615384,1.923077,0.4807692,2.403846,10.83744
Libya,LBY,2016,1.923077,1.442308,0.4807692,1.923077,8.374384
Libya,LBY,2017,1.923077,1.923077,0.9615384,1.923077,8.866995
Libya,LBY,2018,2.884615,1.923077,1.442308,2.403846,6.896552
Liechtenstein,LIE,2014,97.11539,93.75,90.38461,92.30769,95.07389
Liechtenstein,LIE,2015,96.15385,92.78846,90.86539,91.34615,95.07389
Liechtenstein,LIE,2016,96.63461,93.75,89.42308,92.30769,90.14778
Liechtenstein,LIE,2017,97.11539,94.71154,91.34615,92.30769,90.14778
Liechtenstein,LIE,2018,95.67308,95.19231,90.86539,92.30769,92.61084
Lithuania,LTU,2014,70.67308,78.84615,86.05769,79.32692,76.35468
Lithuania,LTU,2015,70.67308,85.57692,87.01923,81.25,77.3399
Lithuania,LTU,2016,75,81.25,84.61539,81.73077,78.32513
Lithuania,LTU,2017,70.19231,80.28846,83.17308,80.76923,78.32513
Lithuania,LTU,2018,68.75,80.76923,82.69231,79.80769,77.83251
Luxembourg,LUX,2014,96.63461,93.26923,92.30769,95.67308,98.52217
Luxembourg,LUX,2015,97.11539,93.26923,92.78846,96.63461,97.04433
Luxembourg,LUX,2016,97.59615,93.26923,93.75,95.19231,96.55173
Luxembourg,LUX,2017,96.15385,93.75,93.75,95.19231,97.04433
Luxembourg,LUX,2018,97.11539,95.67308,95.19231,95.67308,96.55173
Macao SAR, China,MAC,2014,77.40385,90.38461,94.71154,79.80769,37.43842
Macao SAR, China,MAC,2015,70.19231,89.42308,95.67308,79.80769,45.3202
Macao SAR, China,MAC,2016,78.36539,85.09615,95.67308,78.84615,44.82759
Macao SAR, China,MAC,2017,72.11539,88.94231,94.71154,77.88461,43.84237
Macao SAR, China,MAC,2018,76.92308,85.57692,93.26923,81.25,42.85714
Madagascar,MDG,2014,21.63461,8.653846,27.88461,26.92308,31.52709
Madagascar,MDG,2015,20.19231,8.653846,25.96154,29.32692,34.48276
Madagascar,MDG,2016,16.34615,10.57692,25.96154,19.71154,35.46798
Madagascar,MDG,2017,13.46154,12.01923,26.44231,19.71154,34.97537
Madagascar,MDG,2018,14.90385,11.05769,23.55769,21.15385,36.4532
Malawi,MWI,2014,25.96154,27.88461,25,45.19231,46.79803
Malawi,MWI,2015,23.55769,27.88461,22.59615,45.19231,47.29064
Malawi,MWI,2016,22.59615,23.55769,19.71154,38.46154,45.81281
Malawi,MWI,2017,27.88461,25,23.55769,39.90385,44.82759
Malawi,MWI,2018,25,22.11539,25.48077,39.90385,42.36453
Malaysia,MYS,2014,66.82692,82.69231,75.96154,73.55769,35.46798
Malaysia,MYS,2015,63.46154,76.92308,74.03846,68.75,33.99015
Malaysia,MYS,2016,60.09615,75.96154,75.48077,69.23077,33.99015
Malaysia,MYS,2017,58.17308,75.48077,74.51923,64.42308,34.48276
Malaysia,MYS,2018,63.94231,81.25,74.03846,74.51923,41.37931
Maldives,MDV,2014,43.75,42.30769,40.38462,33.65385,34.97537
Maldives,MDV,2015,37.98077,40.86538,37.5,32.21154,30.04926
Maldives,MDV,2016,28.84615,41.34615,34.61538,36.53846,26.60098
Maldives,MDV,2017,21.63461,35.57692,35.57692,30.76923,25.12315
Maldives,MDV,2018,17.30769,35.09615,33.65385,31.73077,30.04926
Mali,MLI,2014,26.44231,14.90385,29.80769,31.25,42.36453
Mali,MLI,2015,27.88461,17.78846,30.28846,26.92308,40.39409
Mali,MLI,2016,30.28846,15.38461,28.36539,22.11539,40.39409
Mali,MLI,2017,29.32692,16.82692,30.28846,23.07692,38.42365
Mali,MLI,2018,26.92308,15.38461,30.76923,21.63461,36.94581
Malta,MLT,2014,77.88461,81.25,82.21154,86.05769,89.16256
Malta,MLT,2015,78.84615,75.48077,84.61539,83.17308,89.16256
Malta,MLT,2016,75.48077,77.40385,85.09615,81.25,88.66995
Malta,MLT,2017,76.92308,80.76923,87.98077,85.09615,87.19212
Malta,MLT,2018,71.63461,78.84615,88.46154,82.21154,83.74384
Marshall Islands,MHL,2014,54.32692,4.807693,17.30769,47.59615,86.69951
Marshall Islands,MHL,2015,54.80769,4.326923,12.5,48.07692,86.69951
Marshall Islands,MHL,2016,56.25,4.807693,14.42308,51.44231,88.17734
Marshall Islands,MHL,2017,57.21154,5.769231,13.46154,59.61538,88.17734
Marshall Islands,MHL,2018,54.80769,6.25,10.09615,52.88462,87.68473
Martinique,MTQ,2014,87.01923,73.55769,87.98077,59.13462,0.00
Martinique,MTQ,2015,87.01923,74.03846,87.98077,56.73077,0.00
Martinique,MTQ,2016,87.5,75,86.05769,79.80769,0.00
Martinique,MTQ,2017,86.53846,83.65385,85.57692,79.32692,0.00
Martinique,MTQ,2018,86.53846,82.69231,85.09615,78.84615,0.00
Mauritania,MRT,2014,16.82692,15.86539,24.03846,19.71154,22.16749
Mauritania,MRT,2015,17.30769,13.94231,20.67308,18.75,23.64532
Mauritania,MRT,2016,24.51923,21.63461,24.03846,25.96154,24.63054
Mauritania,MRT,2017,23.07692,22.59615,23.07692,31.25,24.13793
Mauritania,MRT,2018,23.07692,22.59615,19.71154,26.44231,24.13793
Mauritius,MUS,2014,65.86539,81.73077,83.65385,78.84615,74.38424
Mauritius,MUS,2015,65.86539,81.73077,81.73077,77.88461,72.9064
Mauritius,MUS,2016,62.98077,78.36539,82.21154,75.96154,72.9064
Mauritius,MUS,2017,62.01923,78.36539,80.28846,75.96154,73.39902
Mauritius,MUS,2018,62.98077,77.40385,81.73077,76.92308,72.4138
Mexico,MEX,2014,24.51923,61.53846,66.82692,37.98077,48.76847
Mexico,MEX,2015,24.03846,61.53846,64.90385,38.46154,44.33498
Mexico,MEX,2016,25.96154,58.65385,64.42308,31.73077,43.84237
Mexico,MEX,2017,16.34615,52.40385,61.53846,31.73077,42.85714
Mexico,MEX,2018,18.75,47.59615,60.57692,27.40385,45.81281
Micronesia, Fed. Sts.,FSM,2014,75.96154,33.65385,14.42308,46.15385,83.74384
Micronesia, Fed. Sts.,FSM,2015,75,40.38462,15.38461,45.67308,85.22167
Micronesia, Fed. Sts.,FSM,2016,73.07692,40.38462,14.90385,52.88462,85.71429
Micronesia, Fed. Sts.,FSM,2017,77.88461,56.25,14.90385,53.36538,85.22167
Micronesia, Fed. Sts.,FSM,2018,75.48077,48.07692,14.90385,53.84615,87.68473
Moldova,MDA,2014,20.67308,38.94231,54.32692,46.63462,49.26109
Moldova,MDA,2015,18.26923,28.36539,51.44231,42.78846,48.76847
Moldova,MDA,2016,14.90385,30.28846,50.48077,33.17308,46.79803
Moldova,MDA,2017,21.15385,33.17308,54.32692,37.5,45.3202
Moldova,MDA,2018,25.96154,35.57692,51.92308,37.01923,40.8867
Monaco,MCO,2014,0.00,0.00,0.00,0.00,77.3399
Monaco,MCO,2015,0.00,0.00,0.00,0.00,79.80296
Monaco,MCO,2016,0.00,0.00,0.00,0.00,73.39902
Monaco,MCO,2017,0.00,0.00,0.00,0.00,74.38424
Monaco,MCO,2018,0.00,0.00,0.00,0.00,71.42857
Mongolia,MNG,2014,37.01923,37.01923,44.71154,42.30769,56.65025
Mongolia,MNG,2015,37.5,39.42308,41.82692,41.82692,56.15763
Mongolia,MNG,2016,36.53846,50.48077,52.40385,45.67308,56.65025
Mongolia,MNG,2017,41.82692,42.30769,50.96154,41.82692,56.15763
Mongolia,MNG,2018,39.90385,45.67308,54.80769,44.71154,57.14286
Montenegro,MNE,2014,55.28846,63.46154,55.28846,61.53846,53.20197
Montenegro,MNE,2015,53.84615,59.61538,60.09615,58.65385,50.73891
Montenegro,MNE,2016,54.32692,58.17308,62.5,53.84615,49.26109
Montenegro,MNE,2017,54.80769,59.61538,64.90385,53.84615,50.2463
Montenegro,MNE,2018,58.17308,58.17308,65.86539,57.69231,50.2463
Morocco,MAR,2014,50,50.48077,49.51923,54.32692,27.58621
Morocco,MAR,2015,52.40385,50.96154,49.03846,54.80769,28.57143
Morocco,MAR,2016,53.84615,49.51923,45.19231,48.55769,29.55665
Morocco,MAR,2017,52.40385,45.19231,44.71154,48.55769,28.57143
Morocco,MAR,2018,47.59615,46.63462,42.78846,49.51923,29.55665
Mozambique,MOZ,2014,29.32692,24.03846,37.01923,21.15385,39.40887
Mozambique,MOZ,2015,24.51923,23.07692,35.09615,20.67308,37.93103
Mozambique,MOZ,2016,17.78846,18.75,25,13.46154,34.48276
Mozambique,MOZ,2017,18.75,18.26923,25,15.38461,33.99015
Mozambique,MOZ,2018,24.03846,17.78846,24.03846,14.42308,32.51231
Myanmar,MMR,2014,20.19231,9.134615,6.25,8.173077,9.852217
Myanmar,MMR,2015,20.67308,10.09615,8.653846,7.692307,14.28571
Myanmar,MMR,2016,32.21154,16.34615,18.75,17.78846,24.13793
Myanmar,MMR,2017,32.21154,13.46154,19.23077,16.82692,23.64532
Myanmar,MMR,2018,30.28846,12.5,22.59615,15.38461,23.64532
Namibia,NAM,2014,64.42308,58.65385,52.88462,62.98077,66.50246
Namibia,NAM,2015,66.34615,63.46154,50.48077,62.01923,67.48769
Namibia,NAM,2016,65.86539,60.57692,49.51923,64.42308,66.99507
Namibia,NAM,2017,64.90385,61.53846,46.63462,60.57692,66.00985
Namibia,NAM,2018,65.38461,56.25,51.44231,61.05769,63.05419
Nauru,NRU,2014,37.98077,30.28846,9.134615,14.42308,71.92118
Nauru,NRU,2015,36.05769,34.13462,8.173077,12.01923,65.02463
Nauru,NRU,2016,39.42308,25,38.94231,23.55769,64.03941
Nauru,NRU,2017,40.38462,36.05769,11.53846,23.55769,63.5468
Nauru,NRU,2018,33.65385,50.48077,52.88462,25.48077,71.42857
Nepal,NPL,2014,33.17308,18.26923,22.11539,30.28846,33.00492
Nepal,NPL,2015,32.21154,12.98077,24.51923,29.80769,32.0197
Nepal,NPL,2016,22.11539,19.71154,23.55769,21.15385,37.43842
Nepal,NPL,2017,23.55769,18.75,25.96154,27.88461,38.91626
Nepal,NPL,2018,27.40385,16.82692,23.07692,33.65385,39.40887
Netherlands,NLD,2014,95.67308,96.63461,95.67308,97.11539,98.02956
Netherlands,NLD,2015,94.71154,97.11539,96.63461,97.11539,99.01478
Netherlands,NLD,2016,94.71154,96.63461,98.55769,97.11539,98.52217
Netherlands,NLD,2017,95.19231,96.63461,98.55769,97.11539,99.01478
Netherlands,NLD,2018,96.15385,96.63461,99.03846,96.15385,97.04433
Netherlands Antilles,ANT,2014,0.00,0.00,0.00,0.00,0.00
Netherlands Antilles,ANT,2015,0.00,0.00,0.00,0.00,0.00
Netherlands Antilles,ANT,2016,0.00,0.00,0.00,0.00,0.00
Netherlands Antilles,ANT,2017,0.00,0.00,0.00,0.00,0.00
Netherlands Antilles,ANT,2018,0.00,0.00,0.00,0.00,0.00
New Zealand,NZL,2014,100,98.55769,99.03846,98.55769,96.55173
New Zealand,NZL,2015,100,98.55769,99.03846,98.07692,98.02956
New Zealand,NZL,2016,100,97.59615,99.03846,98.55769,98.02956
New Zealand,NZL,2017,100,95.19231,99.03846,98.07692,98.52217
New Zealand,NZL,2018,99.51923,93.75,98.55769,98.07692,99.50739
Nicaragua,NIC,2014,19.71154,19.23077,37.98077,27.40385,34.48276
Nicaragua,NIC,2015,18.75,20.67308,39.42308,26.44231,32.51231
Nicaragua,NIC,2016,18.26923,24.51923,32.21154,29.80769,28.07882
Nicaragua,NIC,2017,18.26923,28.36539,27.40385,29.32692,27.0936
Nicaragua,NIC,2018,12.98077,19.23077,25,14.90385,18.71921
Niger,NER,2014,28.84615,24.51923,26.92308,30.76923,40.8867
Niger,NER,2015,29.32692,28.84615,26.44231,32.69231,39.90148
Niger,NER,2016,31.73077,29.80769,26.44231,28.84615,33.00492
Niger,NER,2017,26.92308,23.55769,26.92308,27.40385,33.49754
Niger,NER,2018,31.25,20.19231,27.88461,30.28846,31.03448
Nigeria,NGA,2014,8.173077,12.01923,23.55769,13.46154,29.55665
Nigeria,NGA,2015,12.5,16.34615,21.63461,15.86539,34.97537
Nigeria,NGA,2016,13.46154,12.5,18.26923,15.38461,34.97537
Nigeria,NGA,2017,12.5,15.38461,16.82692,18.75,35.46798
Nigeria,NGA,2018,13.46154,14.90385,17.30769,18.26923,33.49754
Niue,NIU,2014,0.00,0.00,0.00,0.00,0.00
Niue,NIU,2015,0.00,0.00,0.00,0.00,0.00
Niue,NIU,2016,0.00,0.00,0.00,0.00,0.00
Niue,NIU,2017,0.00,0.00,0.00,0.00,0.00
Niue,NIU,2018,0.00,0.00,0.00,0.00,0.00
North Macedonia,MKD,2014,56.73077,59.61538,67.30769,55.76923,43.84237
North Macedonia,MKD,2015,50,58.65385,67.78846,49.51923,40.8867
North Macedonia,MKD,2016,46.63462,57.21154,68.26923,44.23077,38.91626
North Macedonia,MKD,2017,45.19231,58.17308,71.15385,46.63462,41.87192
North Macedonia,MKD,2018,42.30769,55.76923,71.63461,43.75,45.3202
Norway,NOR,2014,99.03846,97.59615,92.78846,99.03846,100
Norway,NOR,2015,99.03846,98.07692,92.30769,98.55769,100
Norway,NOR,2016,98.55769,98.55769,92.78846,100,100
Norway,NOR,2017,99.51923,99.03846,96.15385,99.51923,100
Norway,NOR,2018,97.59615,97.59615,95.67308,99.51923,100
Oman,OMN,2014,65.38461,63.94231,73.55769,69.71154,19.21182
Oman,OMN,2015,64.90385,55.76923,71.63461,65.86539,20.68966
Oman,OMN,2016,66.34615,61.53846,72.59615,65.86539,19.70443
Oman,OMN,2017,63.46154,60.57692,68.26923,65.86539,19.21182
Oman,OMN,2018,62.5,60.09615,64.90385,68.26923,19.70443
Pakistan,PAK,2014,22.11539,23.07692,28.36539,25,27.0936
Pakistan,PAK,2015,21.63461,27.40385,28.84615,24.51923,27.0936
Pakistan,PAK,2016,17.30769,28.36539,27.40385,20.19231,27.58621
Pakistan,PAK,2017,22.59615,30.28846,29.32692,24.03846,28.07882
Pakistan,PAK,2018,23.55769,26.92308,27.40385,27.88461,25.61576
Palau,PLW,2014,37.98077,30.28846,23.07692,65.38461,88.66995
Palau,PLW,2015,36.05769,34.13462,24.03846,63.46154,88.66995
Palau,PLW,2016,39.42308,38.46154,48.07692,61.53846,89.65517
Palau,PLW,2017,40.38462,43.75,28.84615,61.53846,89.16256
Palau,PLW,2018,33.65385,52.40385,55.76923,62.01923,87.68473
Panama,PAN,2014,46.15385,62.98077,65.38461,55.28846,63.5468
Panama,PAN,2015,44.23077,65.38461,64.42308,53.84615,66.00985
Panama,PAN,2016,35.57692,61.05769,66.34615,56.25,64.53202
Panama,PAN,2017,35.57692,54.32692,66.34615,54.32692,65.02463
Panama,PAN,2018,32.21154,51.92308,66.34615,52.40385,68.47291
Papua New Guinea,PNG,2014,17.78846,28.36539,39.90385,22.11539,49.7537
Papua New Guinea,PNG,2015,16.34615,31.25,31.25,18.26923,49.26109
Papua New Guinea,PNG,2016,15.38461,22.59615,29.80769,23.07692,50.2463
Papua New Guinea,PNG,2017,16.82692,24.51923,27.88461,20.67308,51.23153
Papua New Guinea,PNG,2018,17.78846,24.03846,31.25,23.07692,48.76847
Paraguay,PRY,2014,15.38461,17.30769,43.26923,28.36539,45.3202
Paraguay,PRY,2015,15.86539,17.30769,44.71154,28.84615,44.82759
Paraguay,PRY,2016,26.92308,20.67308,42.30769,25.48077,44.33498
Paraguay,PRY,2017,25,19.71154,44.23077,28.84615,44.33498
Paraguay,PRY,2018,20.67308,34.13462,48.55769,32.21154,49.26109
Peru,PER,2014,34.13462,44.23077,68.75,34.13462,54.6798
Peru,PER,2015,34.61538,44.23077,69.23077,37.5,54.6798
Peru,PER,2016,43.26923,45.67308,69.71154,34.13462,55.17241
Peru,PER,2017,38.94231,48.55769,67.30769,33.17308,55.17241
Peru,PER,2018,34.61538,44.23077,71.15385,32.69231,55.17241
Philippines,PHL,2014,40.38462,61.05769,52.40385,43.75,52.70936
Philippines,PHL,2015,39.90385,57.21154,52.40385,43.26923,51.23153
Philippines,PHL,2016,36.05769,51.92308,53.84615,39.42308,51.23153
Philippines,PHL,2017,39.42308,51.92308,55.76923,37.01923,48.76847
Philippines,PHL,2018,34.13462,55.28846,56.73077,34.13462,47.78325
Poland,POL,2014,72.59615,74.51923,81.25,77.40385,82.26601
Poland,POL,2015,73.55769,74.51923,80.28846,76.92308,81.7734
Poland,POL,2016,75.96154,73.55769,79.80769,74.03846,74.38424
Poland,POL,2017,75.96154,74.03846,78.84615,68.26923,72.9064
Poland,POL,2018,74.51923,75,78.36539,66.82692,71.92118
Portugal,PRT,2014,79.80769,79.32692,74.51923,84.13461,82.75862
Portugal,PRT,2015,80.28846,86.05769,79.32692,83.65385,84.72906
Portugal,PRT,2016,80.28846,85.57692,76.44231,83.65385,86.20689
Portugal,PRT,2017,80.76923,87.5,79.32692,84.13461,88.66995
Portugal,PRT,2018,80.28846,86.53846,78.84615,85.09615,88.66995
Puerto Rico,PRI,2014,69.23077,67.30769,78.84615,76.92308,71.42857
Puerto Rico,PRI,2015,60.57692,66.34615,79.80769,75.48077,59.1133
Puerto Rico,PRI,2016,59.13462,68.26923,79.32692,75,60.09852
Puerto Rico,PRI,2017,60.09615,50,78.36539,73.07692,63.05419
Puerto Rico,PRI,2018,59.13462,47.11538,79.32692,73.07692,64.03941
Qatar,QAT,2014,80.28846,76.44231,71.15385,77.88461,16.74877
Qatar,QAT,2015,78.36539,77.40385,73.07692,75.96154,16.74877
Qatar,QAT,2016,79.80769,74.51923,74.03846,76.92308,16.25616
Qatar,QAT,2017,76.44231,74.51923,67.78846,76.44231,15.27094
Qatar,QAT,2018,77.40385,74.51923,70.67308,75.48077,14.28571
Reunion,REU,2014,74.03846,77.88461,87.98077,85.09615,0.00
Reunion,REU,2015,72.59615,79.32692,87.98077,82.69231,0.00
Reunion,REU,2016,72.11539,80.28846,86.05769,84.61539,0.00
Reunion,REU,2017,73.07692,83.65385,85.57692,83.17308,0.00
Reunion,REU,2018,73.55769,82.69231,85.09615,84.61539,0.00
Romania,ROU,2014,53.84615,54.80769,71.63461,63.46154,60.59113
Romania,ROU,2015,57.21154,51.44231,72.11539,61.53846,63.5468
Romania,ROU,2016,57.21154,47.11538,70.67308,63.94231,65.51724
Romania,ROU,2017,55.28846,47.11538,70.19231,63.94231,64.53202
Romania,ROU,2018,52.40385,43.26923,67.30769,63.46154,61.57635
Russian Federation,RUS,2014,17.30769,48.55769,38.46154,26.44231,20.68966
Russian Federation,RUS,2015,15.38461,47.11538,32.21154,25,20.19704
Russian Federation,RUS,2016,19.71154,44.71154,37.01923,21.63461,17.73399
Russian Federation,RUS,2017,17.30769,50.96154,32.69231,22.11539,18.71921
Russian Federation,RUS,2018,21.15385,50.96154,31.73077,20.67308,19.21182
Rwanda,RWA,2014,75.48077,55.28846,61.05769,60.57692,17.73399
Rwanda,RWA,2015,73.07692,51.92308,61.53846,58.17308,17.24138
Rwanda,RWA,2016,72.59615,56.73077,57.69231,57.21154,15.76355
Rwanda,RWA,2017,71.63461,64.90385,60.57692,58.65385,16.25616
Rwanda,RWA,2018,71.15385,62.01923,59.13462,58.17308,17.24138
Samoa,WSM,2014,64.90385,70.67308,47.59615,76.44231,69.95074
Samoa,WSM,2015,65.38461,71.63461,50.96154,74.51923,71.42857
Samoa,WSM,2016,65.38461,72.59615,50.96154,76.44231,71.42857
Samoa,WSM,2017,74.03846,73.55769,52.40385,78.36539,72.4138
Samoa,WSM,2018,75,73.55769,49.03846,77.88461,72.9064
San Marino,SMR,2014,0.00,0.00,0.00,0.00,87.19212
San Marino,SMR,2015,0.00,0.00,0.00,0.00,87.68473
San Marino,SMR,2016,0.00,0.00,0.00,0.00,88.17734
San Marino,SMR,2017,0.00,0.00,0.00,0.00,88.17734
San Marino,SMR,2018,0.00,0.00,0.00,0.00,87.68473
Sao Tome and Principe,STP,2014,57.69231,20.67308,25.48077,22.59615,58.62069
Sao Tome and Principe,STP,2015,56.25,22.59615,25.48077,25.48077,57.14286
Sao Tome and Principe,STP,2016,55.76923,26.92308,21.15385,28.36539,57.14286
Sao Tome and Principe,STP,2017,60.57692,21.15385,18.75,25.96154,56.65025
Sao Tome and Principe,STP,2018,61.53846,26.44231,18.26923,25.96154,51.72414
Saudi Arabia,SAU,2014,59.13462,62.01923,53.84615,62.5,2.955665
Saudi Arabia,SAU,2015,58.65385,60.57692,54.32692,60.09615,3.448276
Saudi Arabia,SAU,2016,63.94231,63.46154,55.76923,62.5,4.926108
Saudi Arabia,SAU,2017,65.86539,62.5,54.80769,57.21154,5.91133
Saudi Arabia,SAU,2018,65.86539,64.90385,53.36538,58.65385,5.91133
Senegal,SEN,2014,58.17308,40.38462,46.15385,53.84615,58.12808
Senegal,SEN,2015,59.13462,38.94231,49.51923,51.92308,57.63547
Senegal,SEN,2016,58.17308,36.53846,49.03846,50.96154,57.63547
Senegal,SEN,2017,54.32692,40.86538,49.03846,50.48077,57.14286
Senegal,SEN,2018,56.73077,42.30769,49.51923,47.59615,55.66502
Serbia,SRB,2014,51.44231,58.17308,55.76923,50.96154,55.66502
Serbia,SRB,2015,49.03846,56.73077,57.21154,52.40385,55.17241
Serbia,SRB,2016,45.19231,56.25,54.80769,48.07692,53.69458
Serbia,SRB,2017,43.26923,60.09615,55.28846,48.07692,49.7537
Serbia,SRB,2018,41.82692,56.73077,56.25,49.03846,46.30542
Seychelles,SYC,2014,68.26923,66.82692,40.86538,62.01923,47.29064
Seychelles,SYC,2015,77.88461,68.75,50,62.98077,49.7537
Seychelles,SYC,2016,76.92308,67.78846,44.71154,59.13462,50.73891
Seychelles,SYC,2017,74.51923,67.30769,47.11538,58.17308,53.69458
Seychelles,SYC,2018,75.96154,71.15385,47.59615,59.61538,54.18719
Sierra Leone,SLE,2014,15.86539,10.09615,24.51923,17.30769,38.42365
Sierra Leone,SLE,2015,22.59615,9.134615,18.75,20.19231,37.43842
Sierra Leone,SLE,2016,20.19231,10.09615,16.82692,22.59615,39.90148
Sierra Leone,SLE,2017,31.73077,11.53846,15.86539,22.59615,40.39409
Sierra Leone,SLE,2018,37.01923,11.53846,15.38461,22.59615,38.91626
Singapore,SGP,2014,96.15385,100,100,93.26923,45.81281
Singapore,SGP,2015,96.63461,100,100,94.23077,41.37931
Singapore,SGP,2016,97.11539,100,100,96.15385,40.8867
Singapore,SGP,2017,97.59615,100,99.51923,96.63461,41.37931
Singapore,SGP,2018,99.03846,100,99.51923,97.11539,41.87192
Slovak Republic,SVK,2014,60.09615,75,78.36539,70.67308,75.86207
Slovak Republic,SVK,2015,62.5,75,75,69.23077,76.35468
Slovak Republic,SVK,2016,63.46154,76.92308,78.84615,74.51923,76.35468
Slovak Republic,SVK,2017,62.5,75,76.44231,71.63461,75.86207
Slovak Republic,SVK,2018,66.34615,75.48077,75.96154,70.19231,76.84729
Slovenia,SVN,2014,74.51923,79.80769,73.07692,81.25,74.87685
Slovenia,SVN,2015,76.44231,77.88461,72.59615,80.76923,78.32513
Slovenia,SVN,2016,77.40385,83.65385,73.07692,83.17308,80.29556
Slovenia,SVN,2017,79.32692,84.61539,72.11539,82.69231,79.80296
Slovenia,SVN,2018,80.76923,83.17308,75,82.69231,79.31035
Solomon Islands,SLB,2014,49.03846,15.38461,12.01923,35.57692,56.15763
Solomon Islands,SLB,2015,46.15385,14.42308,16.34615,37.01923,58.12808
Solomon Islands,SLB,2016,43.75,15.86539,15.38461,42.30769,62.56158
Solomon Islands,SLB,2017,59.61538,15.86539,21.15385,47.59615,62.56158
Solomon Islands,SLB,2018,57.69231,13.46154,18.75,47.11538,65.02463
Somalia,SOM,2014,0.4807692,0,0.9615384,0,0.9852217
Somalia,SOM,2015,1.442308,0,0.9615384,0,1.477833
Somalia,SOM,2016,0.9615384,0.4807692,0.9615384,0,2.463054
Somalia,SOM,2017,0.4807692,0.4807692,0.4807692,0,3.940887
Somalia,SOM,2018,0,0.9615384,0.9615384,0.4807692,3.448276
South Africa,ZAF,2014,54.80769,65.86539,62.98077,64.42308,68.96552
South Africa,ZAF,2015,58.17308,64.90385,62.98077,59.13462,69.95074
South Africa,ZAF,2016,61.05769,65.38461,62.01923,58.65385,69.45813
South Africa,ZAF,2017,56.73077,65.86539,62.5,52.40385,68.96552
South Africa,ZAF,2018,57.21154,66.34615,61.53846,50.96154,70.44335
South Sudan,SSD,2014,0.9615384,0.4807692,4.326923,0.9615384,4.926108
South Sudan,SSD,2015,0.4807692,0.4807692,2.884615,0.9615384,5.418719
South Sudan,SSD,2016,0.4807692,0,2.884615,1.442308,3.940887
South Sudan,SSD,2017,0.9615384,0,2.884615,1.442308,2.955665
South Sudan,SSD,2018,0.4807692,0,2.403846,1.442308,1.477833
Spain,ESP,2014,72.11539,84.13461,75,80.28846,76.84729
Spain,ESP,2015,69.71154,85.09615,75.48077,79.32692,82.75862
Spain,ESP,2016,68.26923,83.17308,81.25,80.76923,82.26601
Spain,ESP,2017,68.26923,81.73077,79.80769,81.25,81.28078
Spain,ESP,2018,72.59615,79.32692,80.28846,80.28846,82.75862
Sri Lanka,LKA,2014,44.71154,56.25,50.48077,50,28.07882
Sri Lanka,LKA,2015,45.19231,53.36538,51.92308,57.69231,36.4532
Sri Lanka,LKA,2016,45.67308,51.44231,51.44231,58.17308,43.34975
Sri Lanka,LKA,2017,41.34615,48.07692,50.48077,55.28846,43.34975
Sri Lanka,LKA,2018,43.26923,45.19231,47.11538,55.76923,46.79803
St. Kitts and Nevis,KNA,2014,62.98077,50.96154,58.17308,61.05769,84.23645
St. Kitts and Nevis,KNA,2015,68.26923,58.17308,66.34615,68.26923,73.89162
St. Kitts and Nevis,KNA,2016,67.78846,59.61538,66.82692,69.71154,79.31035
St. Kitts and Nevis,KNA,2017,68.75,71.15385,71.63461,70.67308,78.81773
St. Kitts and Nevis,KNA,2018,67.78846,72.59615,70.19231,71.15385,77.3399
St. Lucia,LCA,2014,67.30769,55.76923,62.5,72.59615,84.72906
St. Lucia,LCA,2015,71.15385,49.51923,63.94231,73.55769,80.29556
St. Lucia,LCA,2016,71.15385,54.32692,64.90385,70.67308,80.78818
St. Lucia,LCA,2017,71.15385,64.42308,65.38461,72.59615,77.83251
St. Lucia,LCA,2018,69.71154,61.53846,63.94231,72.59615,75.86207
St. Vincent and the Grenadines,VCT,2014,71.63461,60.09615,64.90385,71.63461,86.69951
St. Vincent and the Grenadines,VCT,2015,74.03846,54.80769,62.01923,71.63461,76.84729
St. Vincent and the Grenadines,VCT,2016,73.55769,62.01923,63.94231,65.38461,75.86207
St. Vincent and the Grenadines,VCT,2017,75.48077,64.42308,63.46154,65.38461,76.35468
St. Vincent and the Grenadines,VCT,2018,78.84615,61.53846,62.01923,67.30769,76.35468
Sudan,SDN,2014,3.365385,5.288462,5.288462,9.134615,3.940887
Sudan,SDN,2015,3.365385,6.25,4.807693,8.173077,3.940887
Sudan,SDN,2016,3.846154,5.769231,4.807693,8.653846,3.448276
Sudan,SDN,2017,3.365385,7.211538,4.326923,10.57692,2.463054
Sudan,SDN,2018,5.769231,4.326923,3.846154,10.57692,2.955665
Suriname,SUR,2014,39.90385,46.15385,28.84615,51.92308,64.53202
Suriname,SUR,2015,50.48077,41.82692,29.32692,49.03846,59.60591
Suriname,SUR,2016,46.15385,39.90385,27.88461,49.51923,61.08374
Suriname,SUR,2017,50,29.80769,31.73077,50,61.08374
Suriname,SUR,2018,48.07692,25.48077,28.84615,51.92308,58.12808
Sweden,SWE,2014,98.07692,95.67308,96.63461,97.59615,99.50739
Sweden,SWE,2015,98.55769,96.63461,97.11539,99.03846,99.50739
Sweden,SWE,2016,98.07692,94.71154,97.11539,99.51923,99.50739
Sweden,SWE,2017,98.07692,96.15385,95.67308,99.03846,99.50739
Sweden,SWE,2018,98.07692,96.15385,97.59615,98.55769,97.53695
Switzerland,CHE,2014,97.59615,99.51923,96.15385,98.07692,99.01478
Switzerland,CHE,2015,97.59615,99.51923,95.19231,97.59615,98.52217
Switzerland,CHE,2016,95.67308,99.51923,98.07692,98.07692,97.53695
Switzerland,CHE,2017,96.63461,99.51923,97.11539,98.55769,98.02956
Switzerland,CHE,2018,96.63461,99.51923,96.63461,99.03846,99.01478
Syrian Arab Republic,SYR,2014,2.403846,7.211538,3.846154,5.769231,3.448276
Syrian Arab Republic,SYR,2015,1.923077,5.288462,4.326923,4.807693,2.955665
Syrian Arab Republic,SYR,2016,2.403846,2.403846,3.846154,0.9615384,1.477833
Syrian Arab Republic,SYR,2017,2.403846,2.403846,3.365385,0.9615384,1.970443
Syrian Arab Republic,SYR,2018,1.442308,3.365385,3.365385,0.9615384,1.970443
Taiwan, China,TWN,2014,76.92308,87.98077,89.42308,85.57692,72.9064
Taiwan, China,TWN,2015,76.92308,87.98077,89.42308,84.61539,74.87685
Taiwan, China,TWN,2016,79.32692,89.42308,87.01923,85.57692,79.80296
Taiwan, China,TWN,2017,81.25,86.53846,89.42308,84.61539,80.78818
Taiwan, China,TWN,2018,82.21154,88.46154,89.42308,83.17308,78.81773
Tajikistan,TJK,2014,12.5,22.11539,14.90385,13.94231,6.896552
Tajikistan,TJK,2015,11.53846,19.71154,13.94231,13.46154,5.91133
Tajikistan,TJK,2016,12.01923,13.94231,12.01923,10.57692,5.91133
Tajikistan,TJK,2017,7.692307,12.98077,12.01923,8.173077,4.926108
Tajikistan,TJK,2018,6.25,12.01923,12.5,7.692307,4.926108
Tanzania,TZA,2014,25.48077,26.44231,41.34615,39.90385,41.37931
Tanzania,TZA,2015,27.40385,31.73077,40.38462,42.30769,38.91626
Tanzania,TZA,2016,35.09615,34.61538,35.57692,37.98077,39.40887
Tanzania,TZA,2017,40.86538,27.88461,29.80769,34.13462,37.43842
Tanzania,TZA,2018,39.42308,21.15385,29.32692,31.25,34.48276
Thailand,THA,2014,38.94231,65.38461,61.53846,48.55769,23.15271
Thailand,THA,2015,37.01923,65.86539,63.46154,50.96154,22.16749
Thailand,THA,2016,42.30769,66.34615,60.09615,54.32692,21.67488
Thailand,THA,2017,42.78846,66.82692,59.61538,54.80769,21.18227
Thailand,THA,2018,40.86538,66.82692,59.61538,54.80769,20.19704
Timor-Leste,TLS,2014,35.57692,12.5,19.23077,10.57692,50.73891
Timor-Leste,TLS,2015,36.53846,13.46154,15.86539,11.05769,54.18719
Timor-Leste,TLS,2016,34.61538,14.42308,13.94231,10.09615,54.18719
Timor-Leste,TLS,2017,35.09615,16.34615,24.03846,10.09615,57.63547
Timor-Leste,TLS,2018,38.46154,15.86539,21.15385,10.09615,59.60591
Togo,TGO,2014,18.26923,9.615385,22.59615,20.19231,26.10837
Togo,TGO,2015,25.48077,11.05769,23.07692,23.07692,27.58621
Togo,TGO,2016,28.36539,12.98077,22.59615,30.28846,31.52709
Togo,TGO,2017,25.96154,12.5,21.63461,24.51923,29.06404
Togo,TGO,2018,25.48077,12.98077,26.92308,29.80769,27.0936
Tonga,TON,2014,47.11538,52.40385,36.53846,51.44231,69.45813
Tonga,TON,2015,38.94231,42.78846,37.01923,48.55769,70.93596
Tonga,TON,2016,38.46154,42.78846,37.5,60.09615,68.96552
Tonga,TON,2017,51.44231,44.23077,37.01923,62.01923,67.98029
Tonga,TON,2018,55.28846,58.65385,37.5,64.90385,66.50246
Trinidad and Tobago,TTO,2014,42.78846,64.42308,60.57692,53.36538,62.56158
Trinidad and Tobago,TTO,2015,47.11538,62.98077,56.73077,52.88462,63.05419
Trinidad and Tobago,TTO,2016,50,62.98077,56.73077,50,66.00985
Trinidad and Tobago,TTO,2017,44.23077,62.98077,56.73077,50.96154,66.50246
Trinidad and Tobago,TTO,2018,44.23077,60.57692,55.28846,50.48077,67.48769
Tunisia,TUN,2014,55.76923,48.07692,39.42308,52.88462,55.17241
Tunisia,TUN,2015,55.76923,49.03846,37.98077,55.28846,55.66502
Tunisia,TUN,2016,53.36538,44.23077,33.17308,54.80769,56.15763
Tunisia,TUN,2017,53.84615,50.48077,36.05769,55.76923,52.70936
Tunisia,TUN,2018,56.25,48.55769,35.57692,56.25,53.69458
Turkey,TUR,2014,52.88462,67.78846,66.34615,57.21154,36.4532
Turkey,TUR,2015,53.36538,62.01923,62.5,53.36538,35.46798
Turkey,TUR,2016,50.48077,54.80769,61.05769,46.63462,30.04926
Turkey,TUR,2017,49.51923,55.28846,57.21154,45.19231,27.58621
Turkey,TUR,2018,43.75,53.84615,52.40385,42.30769,25.12315
Turkmenistan,TKM,2014,6.730769,18.75,1.923077,5.288462,0
Turkmenistan,TKM,2015,5.769231,19.23077,1.923077,5.288462,0
Turkmenistan,TKM,2016,4.326923,11.53846,1.923077,6.25,0.9852217
Turkmenistan,TKM,2017,4.326923,10.09615,1.923077,6.25,0.9852217
Turkmenistan,TKM,2018,8.173077,14.42308,2.884615,6.25,0.9852217
Tuvalu,TUV,2014,57.21154,16.82692,20.19231,66.82692,79.80296
Tuvalu,TUV,2015,56.73077,15.86539,28.36539,65.38461,83.25123
Tuvalu,TUV,2016,58.65385,17.30769,28.84615,67.78846,83.25123
Tuvalu,TUV,2017,58.65385,21.63461,22.11539,71.15385,83.74384
Tuvalu,TUV,2018,58.65385,23.07692,30.28846,70.67308,87.68473
Uganda,UGA,2014,12.98077,32.69231,46.63462,40.38462,30.04926
Uganda,UGA,2015,13.46154,36.53846,45.67308,40.86538,29.06404
Uganda,UGA,2016,12.98077,32.69231,46.15385,45.19231,28.57143
Uganda,UGA,2017,13.94231,31.73077,45.67308,42.30769,31.03448
Uganda,UGA,2018,14.42308,29.80769,41.82692,43.26923,28.57143
Ukraine,UKR,2014,14.90385,39.90385,29.32692,23.07692,43.34975
Ukraine,UKR,2015,14.90385,34.61538,29.80769,22.11539,43.84237
Ukraine,UKR,2016,21.15385,32.21154,36.05769,24.51923,47.29064
Ukraine,UKR,2017,22.11539,35.09615,40.38462,25,47.29064
Ukraine,UKR,2018,18.26923,38.46154,44.23077,24.03846,44.82759
United Arab Emirates,ARE,2014,83.17308,89.42308,80.28846,75,20.19704
United Arab Emirates,ARE,2015,82.69231,91.34615,82.69231,73.07692,19.21182
United Arab Emirates,ARE,2016,84.13461,90.86539,80.28846,78.36539,20.19704
United Arab Emirates,ARE,2017,82.69231,90.86539,80.76923,77.40385,18.2266
United Arab Emirates,ARE,2018,83.65385,90.38461,79.80769,77.40385,17.73399
United Kingdom,GBR,2014,93.26923,92.78846,97.11539,94.71154,90.14778
United Kingdom,GBR,2015,93.75,94.23077,98.55769,93.75,92.11823
United Kingdom,GBR,2016,94.23077,92.78846,95.19231,92.78846,93.10345
United Kingdom,GBR,2017,94.71154,90.38461,94.23077,92.78846,93.10345
United Kingdom,GBR,2018,93.26923,87.98077,96.15385,91.82692,93.59606
United States,USA,2014,89.42308,89.90385,88.94231,89.90385,81.7734
United States,USA,2015,89.90385,89.90385,85.57692,90.38461,84.23645
United States,USA,2016,89.90385,91.34615,91.82692,91.34615,84.23645
United States,USA,2017,88.94231,92.78846,92.78846,91.82692,82.26601
United States,USA,2018,88.46154,92.30769,92.30769,89.42308,81.28078
Uruguay,URY,2014,89.90385,71.15385,69.23077,75.96154,83.25123
Uruguay,URY,2015,89.42308,72.59615,67.30769,75,85.71429
Uruguay,URY,2016,88.46154,73.07692,69.23077,73.55769,86.69951
Uruguay,URY,2017,88.46154,68.26923,73.55769,72.11539,86.69951
Uruguay,URY,2018,87.5,73.07692,69.71154,73.55769,89.16256
Uzbekistan,UZB,2014,9.615385,27.40385,3.365385,10.09615,2.463054
Uzbekistan,UZB,2015,8.653846,26.92308,3.846154,11.53846,2.463054
Uzbekistan,UZB,2016,11.05769,31.73077,4.326923,11.53846,2.955665
Uzbekistan,UZB,2017,12.01923,32.21154,8.653846,11.05769,3.448276
Uzbekistan,UZB,2018,12.5,33.65385,12.01923,12.98077,6.403941
Vanuatu,VUT,2014,68.75,32.21154,41.82692,63.94231,67.98029
Vanuatu,VUT,2015,54.32692,21.15385,42.30769,59.61538,67.98029
Vanuatu,VUT,2016,54.80769,18.26923,43.26923,62.98077,69.95074
Vanuatu,VUT,2017,57.69231,17.78846,39.42308,68.75,69.95074
Vanuatu,VUT,2018,50.48077,34.61538,34.13462,64.42308,66.00985
Venezuela, RB,VEN,2014,4.326923,11.05769,2.884615,0.4807692,19.70443
Venezuela, RB,VEN,2015,4.326923,10.57692,2.403846,0.4807692,19.70443
Venezuela, RB,VEN,2016,6.730769,8.173077,2.403846,0.4807692,17.24138
Venezuela, RB,VEN,2017,7.211538,7.692307,2.403846,0.4807692,14.28571
Venezuela, RB,VEN,2018,4.807693,4.807693,0.4807692,0,10.34483
Vietnam,VNM,2014,40.86538,51.44231,30.76923,41.82692,9.359606
Vietnam,VNM,2015,41.82692,55.28846,35.57692,43.75,10.34483
Vietnam,VNM,2016,37.5,53.84615,35.09615,56.73077,10.34483
Vietnam,VNM,2017,31.25,53.36538,36.53846,56.25,10.83744
Vietnam,VNM,2018,37.98077,53.36538,36.53846,54.32692,9.359606
Virgin Islands (U.S.),VIR,2014,74.03846,86.53846,70.19231,59.13462,0.00
Virgin Islands (U.S.),VIR,2015,72.59615,86.53846,70.19231,78.84615,0.00
Virgin Islands (U.S.),VIR,2016,72.11539,87.98077,78.36539,73.07692,0.00
Virgin Islands (U.S.),VIR,2017,73.07692,76.44231,77.88461,73.55769,0.00
Virgin Islands (U.S.),VIR,2018,73.55769,76.44231,77.40385,84.61539,0.00
West Bank and Gaza,PSE,2014,49.51923,34.13462,59.13462,40.86538,22.6601
West Bank and Gaza,PSE,2015,40.38462,37.5,55.76923,36.05769,21.67488
West Bank and Gaza,PSE,2016,51.92308,29.32692,55.28846,40.86538,18.71921
West Bank and Gaza,PSE,2017,56.25,36.53846,56.25,36.53846,21.67488
West Bank and Gaza,PSE,2018,48.55769,20.67308,57.21154,33.17308,23.15271
Yemen, Rep.,YEM,2014,1.923077,6.730769,18.75,7.692307,11.82266
Yemen, Rep.,YEM,2015,2.884615,3.365385,12.01923,7.211538,7.389163
Yemen, Rep.,YEM,2016,1.442308,1.923077,5.288462,3.365385,5.418719
Yemen, Rep.,YEM,2017,1.442308,1.442308,5.769231,2.403846,5.418719
Yemen, Rep.,YEM,2018,0.9615384,0.4807692,5.288462,1.923077,3.940887
Zambia,ZMB,2014,45.19231,33.17308,32.69231,47.11538,44.33498
Zambia,ZMB,2015,45.67308,32.69231,36.53846,47.11538,45.81281
Zambia,ZMB,2016,41.34615,27.40385,32.69231,43.26923,35.96059
Zambia,ZMB,2017,34.61538,28.84615,33.65385,41.34615,35.96059
Zambia,ZMB,2018,27.88461,33.17308,35.09615,40.86538,35.96059
Zimbabwe,ZWE,2014,4.807693,11.53846,2.403846,4.807693,13.7931
Zimbabwe,ZWE,2015,6.730769,12.01923,3.365385,6.25,15.76355
Zimbabwe,ZWE,2016,9.615385,11.05769,3.365385,8.173077,14.77833
Zimbabwe,ZWE,2017,9.615385,11.05769,3.846154,7.692307,14.77833
Zimbabwe,ZWE,2018,10.09615,10.57692,4.326923,8.173077,16.74877
