port_id,port_name,latitude,longitude,year,units,percent_change,cp_domestic,cp_empty,cp_exports,cp_imports,cp_restow,cp_total,cp_transhipment,cu_empty,cu_exports,cu_imports,cu_total,db_domestic,db_exports,db_foreign,db_imports,db_total,tt_domestic,tt_exports,tt_foreign,tt_imports,tt_total,vc_container,vc_dry_bulk,vc_dry_bulk_barge,vc_other_freight,vc_other_freight_barge
4110,Port of Long Beach,33.74888889,-118.2007067,2015,Container TEUs,0,0.0,2041243.0,1525560.0,3625263.0,0.0,7192066.0,0.0,63514.0,1536605.0,3635894.0,5236013.0,0.0,0.0,0.0,0.0,0.0,0.0,0.0,0.0,0.0,0.0,0.0,0.0,0.0,0.0,0.0
4110,Port of Long Beach,33.74888889,-118.2007067,2015,Short Tons,0,0.0,0.0,0.0,0.0,0.0,0.0,0.0,0.0,0.0,0.0,0.0,246276.0,6288192.0,6749559.0,461367.0,6995835.0,11214447.0,22235882.0,66950150.0,44714268.0,78164597.0,0.0,0.0,0.0,0.0,0.0
4110,Port of Long Beach,33.74888889,-118.2007067,2016,Container TEUs,0,0.0,0.0,0.0,0.0,0.0,0.0,0.0,0.0,0.0,0.0,0.0,0.0,0.0,0.0,0.0,0.0,0.0,0.0,0.0,0.0,0.0,0.0,0.0,0.0,0.0,0.0
4110,Port of Long Beach,33.74888889,-118.2007067,2016,Container TEUs,-11.66666585,0.0,1803098.0,0.0,0.0,0.0,0.0,0.0,0.0,0.0,0.0,0.0,0.0,0.0,0.0,0.0,0.0,0.0,0.0,0.0,0.0,0.0,0.0,0.0,0.0,0.0,0.0
4110,Port of Long Beach,33.74888889,-118.2007067,2016,Container TEUs,-3.488856884,0.0,0.0,0.0,0.0,0.0,0.0,0.0,0.0,0.0,0.0,5053336.0,0.0,0.0,0.0,0.0,0.0,0.0,0.0,0.0,0.0,0.0,0.0,0.0,0.0,0.0,0.0
4110,Port of Long Beach,33.74888889,-118.2007067,2016,Container TEUs,-3.551526805,0.0,0.0,0.0,0.0,0.0,0.0,0.0,0.0,0.0,3506764.25,0.0,0.0,0.0,0.0,0.0,0.0,0.0,0.0,0.0,0.0,0.0,0.0,0.0,0.0,0.0,0.0
4110,Port of Long Beach,33.74888889,-118.2007067,2016,Container TEUs,-3.56705204,0.0,0.0,0.0,0.0,0.0,0.0,0.0,0.0,1481793.5,0.0,0.0,0.0,0.0,0.0,0.0,0.0,0.0,0.0,0.0,0.0,0.0,0.0,0.0,0.0,0.0,0.0
4110,Port of Long Beach,33.74888889,-118.2007067,2016,Container TEUs,-5.039275771,0.0,0.0,0.0,3442576.0,0.0,0.0,0.0,0.0,0.0,0.0,0.0,0.0,0.0,0.0,0.0,0.0,0.0,0.0,0.0,0.0,0.0,0.0,0.0,0.0,0.0,0.0
4110,Port of Long Beach,33.74888889,-118.2007067,2016,Container TEUs,-5.796568052,0.0,0.0,0.0,0.0,0.0,6775173.0,0.0,0.0,0.0,0.0,0.0,0.0,0.0,0.0,0.0,0.0,0.0,0.0,0.0,0.0,0.0,0.0,0.0,0.0,0.0,0.0
4110,Port of Long Beach,33.74888889,-118.2007067,2016,Container TEUs,0.258200267,0.0,0.0,1529499.0,0.0,0.0,0.0,0.0,0.0,0.0,0.0,0.0,0.0,0.0,0.0,0.0,0.0,0.0,0.0,0.0,0.0,0.0,0.0,0.0,0.0,0.0,0.0
4110,Port of Long Beach,33.74888889,-118.2007067,2016,Container TEUs,1.990192367,0.0,0.0,0.0,0.0,0.0,0.0,0.0,64778.05,0.0,0.0,0.0,0.0,0.0,0.0,0.0,0.0,0.0,0.0,0.0,0.0,0.0,0.0,0.0,0.0,0.0,0.0
4110,Port of Long Beach,33.74888889,-118.2007067,2016,Short Tons,-0.449518086,0.0,0.0,0.0,0.0,0.0,0.0,0.0,0.0,0.0,0.0,0.0,0.0,0.0,0.0,0.0,0.0,0.0,0.0,0.0,0.0,77813233.0,0.0,0.0,0.0,0.0,0.0
4110,Port of Long Beach,33.74888889,-118.2007067,2016,Short Tons,-0.57962621,0.0,0.0,0.0,0.0,0.0,0.0,0.0,0.0,0.0,0.0,0.0,0.0,0.0,0.0,0.0,0.0,0.0,22106997.0,0.0,0.0,0.0,0.0,0.0,0.0,0.0,0.0
4110,Port of Long Beach,33.74888889,-118.2007067,2016,Short Tons,-7.228916415,0.0,0.0,0.0,0.0,0.0,0.0,0.0,0.0,0.0,0.0,0.0,0.0,0.0,0.0,0.0,0.0,10403764.0,0.0,0.0,0.0,0.0,0.0,0.0,0.0,0.0,0.0
4110,Port of Long Beach,33.74888889,-118.2007067,2016,Short Tons,0.686061196,0.0,0.0,0.0,0.0,0.0,0.0,0.0,0.0,0.0,0.0,0.0,0.0,0.0,0.0,0.0,0.0,0.0,0.0,67409469.0,0.0,0.0,0.0,0.0,0.0,0.0,0.0
4110,Port of Long Beach,33.74888889,-118.2007067,2016,Short Tons,1.315472726,0.0,0.0,0.0,0.0,0.0,0.0,0.0,0.0,0.0,0.0,0.0,0.0,0.0,0.0,0.0,0.0,0.0,0.0,0.0,45302472.0,0.0,0.0,0.0,0.0,0.0,0.0
4110,Port of Long Beach,33.74888889,-118.2007067,2016,Short Tons,12.64841073,0.0,0.0,0.0,0.0,0.0,0.0,0.0,0.0,0.0,0.0,0.0,277426.0,0.0,0.0,0.0,0.0,0.0,0.0,0.0,0.0,0.0,0.0,0.0,0.0,0.0,0.0
4110,Port of Long Beach,33.74888889,-118.2007067,2016,Short Tons,3.150126459,0.0,0.0,0.0,0.0,0.0,0.0,0.0,0.0,0.0,0.0,0.0,0.0,6486278.0,0.0,0.0,0.0,0.0,0.0,0.0,0.0,0.0,0.0,0.0,0.0,0.0,0.0
4110,Port of Long Beach,33.74888889,-118.2007067,2016,Short Tons,7.972891266,0.0,0.0,0.0,0.0,0.0,0.0,0.0,0.0,0.0,0.0,0.0,0.0,0.0,7287694.0,0.0,0.0,0.0,0.0,0.0,0.0,0.0,0.0,0.0,0.0,0.0,0.0
4110,Port of Long Beach,33.74888889,-118.2007067,2016,Short Tons,73.70488136,0.0,0.0,0.0,0.0,0.0,0.0,0.0,0.0,0.0,0.0,0.0,0.0,0.0,0.0,801417.0,0.0,0.0,0.0,0.0,0.0,0.0,0.0,0.0,0.0,0.0,0.0
4110,Port of Long Beach,33.74888889,-118.2007067,2016,Short Tons,8.137484661,0.0,0.0,0.0,0.0,0.0,0.0,0.0,0.0,0.0,0.0,0.0,0.0,0.0,0.0,0.0,7565120.0,0.0,0.0,0.0,0.0,0.0,0.0,0.0,0.0,0.0,0.0
4110,Port of Long Beach,33.74888889,-118.2007067,2017,Container TEUs,0,0.0,0.0,0.0,0.0,0.0,0.0,0.0,0.0,0.0,0.0,0.0,0.0,0.0,0.0,0.0,0.0,0.0,0.0,0.0,0.0,0.0,0.0,0.0,0.0,0.0,0.0
4110,Port of Long Beach,33.74888889,-118.2007067,2017,Container TEUs,-3.85649157,0.0,0.0,1470514.0,0.0,0.0,0.0,0.0,0.0,0.0,0.0,0.0,0.0,0.0,0.0,0.0,0.0,0.0,0.0,0.0,0.0,0.0,0.0,0.0,0.0,0.0,0.0
4110,Port of Long Beach,33.74888889,-118.2007067,2017,Container TEUs,-30.65259313,0.0,0.0,0.0,0.0,0.0,0.0,0.0,44921.9,0.0,0.0,0.0,0.0,0.0,0.0,0.0,0.0,0.0,0.0,0.0,0.0,0.0,0.0,0.0,0.0,0.0,0.0
4110,Port of Long Beach,33.74888889,-118.2007067,2017,Container TEUs,-6.179538512,0.0,0.0,0.0,0.0,0.0,0.0,0.0,0.0,1390225.5,0.0,0.0,0.0,0.0,0.0,0.0,0.0,0.0,0.0,0.0,0.0,0.0,0.0,0.0,0.0,0.0,0.0
4110,Port of Long Beach,33.74888889,-118.2007067,2017,Container TEUs,11.35519344,0.0,0.0,0.0,0.0,0.0,7544507.0,0.0,0.0,0.0,0.0,0.0,0.0,0.0,0.0,0.0,0.0,0.0,0.0,0.0,0.0,0.0,0.0,0.0,0.0,0.0,0.0
4110,Port of Long Beach,33.74888889,-118.2007067,2017,Container TEUs,12.21791472,0.0,0.0,0.0,3863187.0,0.0,0.0,0.0,0.0,0.0,0.0,0.0,0.0,0.0,0.0,0.0,0.0,0.0,0.0,0.0,0.0,0.0,0.0,0.0,0.0,0.0,0.0
4110,Port of Long Beach,33.74888889,-118.2007067,2017,Container TEUs,22.61152749,0.0,2210806.0,0.0,0.0,0.0,0.0,0.0,0.0,0.0,0.0,0.0,0.0,0.0,0.0,0.0,0.0,0.0,0.0,0.0,0.0,0.0,0.0,0.0,0.0,0.0,0.0
4110,Port of Long Beach,33.74888889,-118.2007067,2017,Container TEUs,4.613853106,0.0,0.0,0.0,0.0,0.0,0.0,0.0,0.0,0.0,0.0,5286489.5,0.0,0.0,0.0,0.0,0.0,0.0,0.0,0.0,0.0,0.0,0.0,0.0,0.0,0.0,0.0
4110,Port of Long Beach,33.74888889,-118.2007067,2017,Container TEUs,9.826095381,0.0,0.0,0.0,0.0,0.0,0.0,0.0,0.0,0.0,3851342.25,0.0,0.0,0.0,0.0,0.0,0.0,0.0,0.0,0.0,0.0,0.0,0.0,0.0,0.0,0.0,0.0
4110,Port of Long Beach,33.74888889,-118.2007067,2017,Short Tons,-1.055777036,0.0,0.0,0.0,0.0,0.0,0.0,0.0,0.0,0.0,0.0,0.0,274497.0,0.0,0.0,0.0,0.0,0.0,0.0,0.0,0.0,0.0,0.0,0.0,0.0,0.0,0.0
4110,Port of Long Beach,33.74888889,-118.2007067,2017,Short Tons,10.02857922,0.0,0.0,0.0,0.0,0.0,0.0,0.0,0.0,0.0,0.0,0.0,0.0,0.0,0.0,0.0,0.0,0.0,0.0,74169681.0,0.0,0.0,0.0,0.0,0.0,0.0,0.0
4110,Port of Long Beach,33.74888889,-118.2007067,2017,Short Tons,10.51731008,0.0,0.0,0.0,0.0,0.0,0.0,0.0,0.0,0.0,0.0,0.0,0.0,0.0,0.0,0.0,0.0,0.0,0.0,0.0,0.0,85997092.0,0.0,0.0,0.0,0.0,0.0
4110,Port of Long Beach,33.74888889,-118.2007067,2017,Short Tons,13.68396092,0.0,0.0,0.0,0.0,0.0,0.0,0.0,0.0,0.0,0.0,0.0,0.0,0.0,0.0,0.0,0.0,11827411.0,0.0,0.0,0.0,0.0,0.0,0.0,0.0,0.0,0.0
4110,Port of Long Beach,33.74888889,-118.2007067,2017,Short Tons,13.83281689,0.0,0.0,0.0,0.0,0.0,0.0,0.0,0.0,0.0,0.0,0.0,0.0,0.0,0.0,0.0,0.0,0.0,0.0,0.0,51569080.0,0.0,0.0,0.0,0.0,0.0,0.0
4110,Port of Long Beach,33.74888889,-118.2007067,2017,Short Tons,18.75752165,0.0,0.0,0.0,0.0,0.0,0.0,0.0,0.0,0.0,0.0,0.0,0.0,7702943.0,0.0,0.0,0.0,0.0,0.0,0.0,0.0,0.0,0.0,0.0,0.0,0.0,0.0
4110,Port of Long Beach,33.74888889,-118.2007067,2017,Short Tons,19.47064951,0.0,0.0,0.0,0.0,0.0,0.0,0.0,0.0,0.0,0.0,0.0,0.0,0.0,0.0,0.0,9038098.0,0.0,0.0,0.0,0.0,0.0,0.0,0.0,0.0,0.0,0.0
4110,Port of Long Beach,33.74888889,-118.2007067,2017,Short Tons,2.232795345,0.0,0.0,0.0,0.0,0.0,0.0,0.0,0.0,0.0,0.0,0.0,0.0,0.0,0.0,0.0,0.0,0.0,22600601.0,0.0,0.0,0.0,0.0,0.0,0.0,0.0,0.0
4110,Port of Long Beach,33.74888889,-118.2007067,2017,Short Tons,20.25204406,0.0,0.0,0.0,0.0,0.0,0.0,0.0,0.0,0.0,0.0,0.0,0.0,0.0,8763601.0,0.0,0.0,0.0,0.0,0.0,0.0,0.0,0.0,0.0,0.0,0.0,0.0
4110,Port of Long Beach,33.74888889,-118.2007067,2017,Short Tons,32.34782891,0.0,0.0,0.0,0.0,0.0,0.0,0.0,0.0,0.0,0.0,0.0,0.0,0.0,0.0,1060658.0,0.0,0.0,0.0,0.0,0.0,0.0,0.0,0.0,0.0,0.0,0.0
4110,Port of Long Beach,33.74888889,-118.2007067,2018,Container TEUs,0,0.0,0.0,0.0,0.0,0.0,0.0,0.0,0.0,0.0,0.0,0.0,0.0,0.0,0.0,0.0,0.0,0.0,0.0,0.0,0.0,0.0,0.0,0.0,0.0,0.0,0.0
4110,Port of Long Beach,33.74888889,-118.2007067,2018,Container TEUs,11.75281775,0.0,2470638.0,0.0,0.0,0.0,0.0,0.0,0.0,0.0,0.0,0.0,0.0,0.0,0.0,0.0,0.0,0.0,0.0,0.0,0.0,0.0,0.0,0.0,0.0,0.0,0.0
4110,Port of Long Beach,33.74888889,-118.2007067,2018,Container TEUs,3.569772202,0.0,0.0,1523008.0,0.0,0.0,0.0,0.0,0.0,0.0,0.0,0.0,0.0,0.0,0.0,0.0,0.0,0.0,0.0,0.0,0.0,0.0,0.0,0.0,0.0,0.0,0.0
4110,Port of Long Beach,33.74888889,-118.2007067,2018,Container TEUs,31.48308792,0.0,0.0,0.0,0.0,0.0,0.0,0.0,59064.7,0.0,0.0,0.0,0.0,0.0,0.0,0.0,0.0,0.0,0.0,0.0,0.0,0.0,0.0,0.0,0.0,0.0,0.0
4110,Port of Long Beach,33.74888889,-118.2007067,2018,Container TEUs,5.051419716,0.0,0.0,0.0,0.0,0.0,0.0,0.0,0.0,1460451.63,0.0,0.0,0.0,0.0,0.0,0.0,0.0,0.0,0.0,0.0,0.0,0.0,0.0,0.0,0.0,0.0,0.0
4110,Port of Long Beach,33.74888889,-118.2007067,2018,Container TEUs,6.062093292,0.0,0.0,0.0,4097377.0,0.0,0.0,0.0,0.0,0.0,0.0,0.0,0.0,0.0,0.0,0.0,0.0,0.0,0.0,0.0,0.0,0.0,0.0,0.0,0.0,0.0,0.0
4110,Port of Long Beach,33.74888889,-118.2007067,2018,Container TEUs,6.966768779,0.0,0.0,0.0,0.0,0.0,0.0,0.0,0.0,0.0,0.0,5654787.0,0.0,0.0,0.0,0.0,0.0,0.0,0.0,0.0,0.0,0.0,0.0,0.0,0.0,0.0,0.0
4110,Port of Long Beach,33.74888889,-118.2007067,2018,Container TEUs,7.243892808,0.0,0.0,0.0,0.0,0.0,8091023.0,0.0,0.0,0.0,0.0,0.0,0.0,0.0,0.0,0.0,0.0,0.0,0.0,0.0,0.0,0.0,0.0,0.0,0.0,0.0,0.0
4110,Port of Long Beach,33.74888889,-118.2007067,2018,Container TEUs,7.372189527,0.0,0.0,0.0,0.0,0.0,0.0,0.0,0.0,0.0,4135270.5,0.0,0.0,0.0,0.0,0.0,0.0,0.0,0.0,0.0,0.0,0.0,0.0,0.0,0.0,0.0,0.0
4110,Port of Long Beach,33.74888889,-118.2007067,2018,Short Tons,-12.517414,0.0,0.0,0.0,0.0,0.0,0.0,0.0,0.0,0.0,0.0,0.0,0.0,0.0,0.0,0.0,0.0,10346925.0,0.0,0.0,0.0,0.0,0.0,0.0,0.0,0.0,0.0
4110,Port of Long Beach,33.74888889,-118.2007067,2018,Short Tons,-7.271846323,0.0,0.0,0.0,0.0,0.0,0.0,0.0,0.0,0.0,0.0,0.0,254536.0,0.0,0.0,0.0,0.0,0.0,0.0,0.0,0.0,0.0,0.0,0.0,0.0,0.0,0.0
4110,Port of Long Beach,33.74888889,-118.2007067,2018,Short Tons,0.001411467,0.0,0.0,0.0,0.0,0.0,0.0,0.0,0.0,0.0,0.0,0.0,0.0,0.0,0.0,0.0,0.0,0.0,22600920.0,0.0,0.0,0.0,0.0,0.0,0.0,0.0,0.0
4110,Port of Long Beach,33.74888889,-118.2007067,2018,Short Tons,0.626837475,0.0,0.0,0.0,0.0,0.0,0.0,0.0,0.0,0.0,0.0,0.0,0.0,0.0,0.0,0.0,0.0,0.0,0.0,0.0,0.0,86536154.0,0.0,0.0,0.0,0.0,0.0
4110,Port of Long Beach,33.74888889,-118.2007067,2018,Short Tons,11.32078895,0.0,0.0,0.0,0.0,0.0,0.0,0.0,0.0,0.0,0.0,0.0,0.0,0.0,0.0,0.0,10061282.0,0.0,0.0,0.0,0.0,0.0,0.0,0.0,0.0,0.0,0.0
4110,Port of Long Beach,33.74888889,-118.2007067,2018,Short Tons,11.90315488,0.0,0.0,0.0,0.0,0.0,0.0,0.0,0.0,0.0,0.0,0.0,0.0,0.0,9806746.0,0.0,0.0,0.0,0.0,0.0,0.0,0.0,0.0,0.0,0.0,0.0,0.0
4110,Port of Long Beach,33.74888889,-118.2007067,2018,Short Tons,2.722875402,0.0,0.0,0.0,0.0,0.0,0.0,0.0,0.0,0.0,0.0,0.0,0.0,0.0,0.0,0.0,0.0,0.0,0.0,76189229.0,0.0,0.0,0.0,0.0,0.0,0.0,0.0
4110,Port of Long Beach,33.74888889,-118.2007067,2018,Short Tons,3.915580809,0.0,0.0,0.0,0.0,0.0,0.0,0.0,0.0,0.0,0.0,0.0,0.0,0.0,0.0,0.0,0.0,0.0,0.0,0.0,53588309.0,0.0,0.0,0.0,0.0,0.0,0.0
4110,Port of Long Beach,33.74888889,-118.2007067,2018,Short Tons,49.67605015,0.0,0.0,0.0,0.0,0.0,0.0,0.0,0.0,0.0,0.0,0.0,0.0,0.0,0.0,1587551.0,0.0,0.0,0.0,0.0,0.0,0.0,0.0,0.0,0.0,0.0,0.0
4110,Port of Long Beach,33.74888889,-118.2007067,2018,Short Tons,6.70202285,0.0,0.0,0.0,0.0,0.0,0.0,0.0,0.0,0.0,0.0,0.0,0.0,8219196.0,0.0,0.0,0.0,0.0,0.0,0.0,0.0,0.0,0.0,0.0,0.0,0.0,0.0
4110,Port of Long Beach,33.74888889,-118.2007067,2018,Vessel Calls,-25.03840246,0.0,0.0,0.0,0.0,0.0,0.0,0.0,0.0,0.0,0.0,0.0,0.0,0.0,0.0,0.0,0.0,0.0,0.0,0.0,0.0,0.0,0.0,0.0,244.0,0.0,0.0
4110,Port of Long Beach,33.74888889,-118.2007067,2018,Vessel Calls,-9.365558912,0.0,0.0,0.0,0.0,0.0,0.0,0.0,0.0,0.0,0.0,0.0,0.0,0.0,0.0,0.0,0.0,0.0,0.0,0.0,0.0,0.0,0.0,0.0,0.0,750.0,0.0
4110,Port of Long Beach,33.74888889,-118.2007067,2018,Vessel Calls,0.155844156,0.0,0.0,0.0,0.0,0.0,0.0,0.0,0.0,0.0,0.0,0.0,0.0,0.0,0.0,0.0,0.0,0.0,0.0,0.0,0.0,0.0,0.0,0.0,0.0,0.0,964.0
4110,Port of Long Beach,33.74888889,-118.2007067,2018,Vessel Calls,14.22319475,0.0,0.0,0.0,0.0,0.0,0.0,0.0,0.0,0.0,0.0,0.0,0.0,0.0,0.0,0.0,0.0,0.0,0.0,0.0,0.0,0.0,0.0,261.0,0.0,0.0,0.0
4110,Port of Long Beach,33.74888889,-118.2007067,2018,Vessel Calls,2.710843373,0.0,0.0,0.0,0.0,0.0,0.0,0.0,0.0,0.0,0.0,0.0,0.0,0.0,0.0,0.0,0.0,0.0,0.0,0.0,0.0,0.0,1023.0,0.0,0.0,0.0,0.0
4120,Port of Los Angeles,33.73194444,-118.2597173,2015,Container TEUs,0,0.0,2344319.0,1656677.0,4159462.0,0.0,8160458.0,0.0,0.0,1462217.0,4064076.0,5526293.0,0.0,0.0,0.0,0.0,0.0,0.0,0.0,0.0,0.0,0.0,0.0,0.0,0.0,0.0,0.0
4120,Port of Los Angeles,33.73194444,-118.2597173,2015,Short Tons,0,0.0,0.0,0.0,0.0,0.0,0.0,0.0,0.0,0.0,0.0,0.0,190997.0,1138417.0,3053510.0,1915093.0,3244507.0,5967391.0,18575801.0,54220449.0,35644648.0,60187840.0,0.0,0.0,0.0,0.0,0.0
4120,Port of Los Angeles,33.73194444,-118.2597173,2016,Container TEUs,0,0.0,0.0,0.0,0.0,0.0,0.0,0.0,0.0,0.0,0.0,0.0,0.0,0.0,0.0,0.0,0.0,0.0,0.0,0.0,0.0,0.0,0.0,0.0,0.0,0.0,0.0
4120,Port of Los Angeles,33.73194444,-118.2597173,2016,Container TEUs,6.364925166,0.0,2493533.15,0.0,0.0,0.0,0.0,0.0,0.0,0.0,0.0,0.0,0.0,0.0,0.0,0.0,0.0,0.0,0.0,0.0,0.0,0.0,0.0,0.0,0.0,0.0,0.0
4120,Port of Los Angeles,33.73194444,-118.2597173,2016,Container TEUs,8.216418972,0.0,0.0,0.0,0.0,0.0,0.0,0.0,0.0,1582358.88,0.0,0.0,0.0,0.0,0.0,0.0,0.0,0.0,0.0,0.0,0.0,0.0,0.0,0.0,0.0,0.0,0.0
4120,Port of Los Angeles,33.73194444,-118.2597173,2016,Container TEUs,8.463114424,0.0,0.0,0.0,0.0,0.0,0.0,0.0,0.0,0.0,0.0,5993989.5,0.0,0.0,0.0,0.0,0.0,0.0,0.0,0.0,0.0,0.0,0.0,0.0,0.0,0.0,0.0
4120,Port of Los Angeles,33.73194444,-118.2597173,2016,Container TEUs,8.532913226,0.0,0.0,0.0,0.0,0.0,8856782.8,0.0,0.0,0.0,0.0,0.0,0.0,0.0,0.0,0.0,0.0,0.0,0.0,0.0,0.0,0.0,0.0,0.0,0.0,0.0,0.0
4120,Port of Los Angeles,33.73194444,-118.2597173,2016,Container TEUs,8.551870093,0.0,0.0,0.0,0.0,0.0,0.0,0.0,0.0,0.0,4411630.5,0.0,0.0,0.0,0.0,0.0,0.0,0.0,0.0,0.0,0.0,0.0,0.0,0.0,0.0,0.0,0.0
4120,Port of Los Angeles,33.73194444,-118.2597173,2016,Container TEUs,9.262878228,0.0,0.0,0.0,4544747.9,0.0,0.0,0.0,0.0,0.0,0.0,0.0,0.0,0.0,0.0,0.0,0.0,0.0,0.0,0.0,0.0,0.0,0.0,0.0,0.0,0.0,0.0
4120,Port of Los Angeles,33.73194444,-118.2597173,2016,Container TEUs,9.768032634,0.0,0.0,1818501.75,0.0,0.0,0.0,0.0,0.0,0.0,0.0,0.0,0.0,0.0,0.0,0.0,0.0,0.0,0.0,0.0,0.0,0.0,0.0,0.0,0.0,0.0,0.0
4120,Port of Los Angeles,33.73194444,-118.2597173,2016,Short Tons,-12.62151692,0.0,0.0,0.0,0.0,0.0,0.0,0.0,0.0,0.0,0.0,0.0,0.0,0.0,0.0,0.0,2835001.0,0.0,0.0,0.0,0.0,0.0,0.0,0.0,0.0,0.0,0.0
4120,Port of Los Angeles,33.73194444,-118.2597173,2016,Short Tons,-15.59533128,0.0,0.0,0.0,0.0,0.0,0.0,0.0,0.0,0.0,0.0,0.0,0.0,0.0,2577305.0,0.0,0.0,0.0,0.0,0.0,0.0,0.0,0.0,0.0,0.0,0.0,0.0
4120,Port of Los Angeles,33.73194444,-118.2597173,2016,Short Tons,-26.45225783,0.0,0.0,0.0,0.0,0.0,0.0,0.0,0.0,0.0,0.0,0.0,0.0,837280.0,0.0,0.0,0.0,0.0,0.0,0.0,0.0,0.0,0.0,0.0,0.0,0.0,0.0
4120,Port of Los Angeles,33.73194444,-118.2597173,2016,Short Tons,-9.141488168,0.0,0.0,0.0,0.0,0.0,0.0,0.0,0.0,0.0,0.0,0.0,0.0,0.0,0.0,1740025.0,0.0,0.0,0.0,0.0,0.0,0.0,0.0,0.0,0.0,0.0,0.0
4120,Port of Los Angeles,33.73194444,-118.2597173,2016,Short Tons,3.137296744,0.0,0.0,0.0,0.0,0.0,0.0,0.0,0.0,0.0,0.0,0.0,0.0,0.0,0.0,0.0,0.0,0.0,19158579.0,0.0,0.0,0.0,0.0,0.0,0.0,0.0,0.0
4120,Port of Los Angeles,33.73194444,-118.2597173,2016,Short Tons,3.809234409,0.0,0.0,0.0,0.0,0.0,0.0,0.0,0.0,0.0,0.0,0.0,0.0,0.0,0.0,0.0,0.0,0.0,0.0,56285833.0,0.0,0.0,0.0,0.0,0.0,0.0,0.0
4120,Port of Los Angeles,33.73194444,-118.2597173,2016,Short Tons,34.92149091,0.0,0.0,0.0,0.0,0.0,0.0,0.0,0.0,0.0,0.0,0.0,257696.0,0.0,0.0,0.0,0.0,0.0,0.0,0.0,0.0,0.0,0.0,0.0,0.0,0.0,0.0
4120,Port of Los Angeles,33.73194444,-118.2597173,2016,Short Tons,4.033711793,0.0,0.0,0.0,0.0,0.0,0.0,0.0,0.0,0.0,0.0,0.0,0.0,0.0,0.0,0.0,0.0,0.0,0.0,0.0,0.0,62615644.0,0.0,0.0,0.0,0.0,0.0
4120,Port of Los Angeles,33.73194444,-118.2597173,2016,Short Tons,4.159407045,0.0,0.0,0.0,0.0,0.0,0.0,0.0,0.0,0.0,0.0,0.0,0.0,0.0,0.0,0.0,0.0,0.0,0.0,0.0,37127254.0,0.0,0.0,0.0,0.0,0.0,0.0
4120,Port of Los Angeles,33.73194444,-118.2597173,2016,Short Tons,6.073340929,0.0,0.0,0.0,0.0,0.0,0.0,0.0,0.0,0.0,0.0,0.0,0.0,0.0,0.0,0.0,0.0,6329811.0,0.0,0.0,0.0,0.0,0.0,0.0,0.0,0.0,0.0
4120,Port of Los Angeles,33.73194444,-118.2597173,2017,Container TEUs,0,0.0,0.0,0.0,0.0,0.0,0.0,0.0,0.0,0.0,0.0,0.0,0.0,0.0,0.0,0.0,0.0,0.0,0.0,0.0,0.0,0.0,0.0,0.0,0.0,0.0,0.0
4120,Port of Los Angeles,33.73194444,-118.2597173,2017,Container TEUs,3.297941657,0.0,0.0,0.0,0.0,0.0,0.0,0.0,0.0,0.0,4557123.5,0.0,0.0,0.0,0.0,0.0,0.0,0.0,0.0,0.0,0.0,0.0,0.0,0.0,0.0,0.0,0.0
4120,Port of Los Angeles,33.73194444,-118.2597173,2017,Container TEUs,3.770066102,0.0,0.0,0.0,4716087.9,0.0,0.0,0.0,0.0,0.0,0.0,0.0,0.0,0.0,0.0,0.0,0.0,0.0,0.0,0.0,0.0,0.0,0.0,0.0,0.0,0.0,0.0
4120,Port of Los Angeles,33.73194444,-118.2597173,2017,Container TEUs,4.477952798,0.0,0.0,1899933.4,0.0,0.0,0.0,0.0,0.0,0.0,0.0,0.0,0.0,0.0,0.0,0.0,0.0,0.0,0.0,0.0,0.0,0.0,0.0,0.0,0.0,0.0,0.0
4120,Port of Los Angeles,33.73194444,-118.2597173,2017,Container TEUs,4.650558697,0.0,0.0,0.0,0.0,0.0,0.0,0.0,0.0,0.0,0.0,6272743.5,0.0,0.0,0.0,0.0,0.0,0.0,0.0,0.0,0.0,0.0,0.0,0.0,0.0,0.0,0.0
4120,Port of Los Angeles,33.73194444,-118.2597173,2017,Container TEUs,5.491927611,0.0,0.0,0.0,0.0,0.0,9343190.9,0.0,0.0,0.0,0.0,0.0,0.0,0.0,0.0,0.0,0.0,0.0,0.0,0.0,0.0,0.0,0.0,0.0,0.0,0.0,0.0
4120,Port of Los Angeles,33.73194444,-118.2597173,2017,Container TEUs,8.421683103,0.0,0.0,0.0,0.0,0.0,0.0,0.0,0.0,1715620.13,0.0,0.0,0.0,0.0,0.0,0.0,0.0,0.0,0.0,0.0,0.0,0.0,0.0,0.0,0.0,0.0,0.0
4120,Port of Los Angeles,33.73194444,-118.2597173,2017,Container TEUs,9.369694965,0.0,2727169.6,0.0,0.0,0.0,0.0,0.0,0.0,0.0,0.0,0.0,0.0,0.0,0.0,0.0,0.0,0.0,0.0,0.0,0.0,0.0,0.0,0.0,0.0,0.0,0.0
4120,Port of Los Angeles,33.73194444,-118.2597173,2017,Short Tons,-71.40040979,0.0,0.0,0.0,0.0,0.0,0.0,0.0,0.0,0.0,0.0,0.0,73700.0,0.0,0.0,0.0,0.0,0.0,0.0,0.0,0.0,0.0,0.0,0.0,0.0,0.0,0.0
4120,Port of Los Angeles,33.73194444,-118.2597173,2017,Short Tons,14.99236606,0.0,0.0,0.0,0.0,0.0,0.0,0.0,0.0,0.0,0.0,0.0,0.0,0.0,2963704.0,0.0,0.0,0.0,0.0,0.0,0.0,0.0,0.0,0.0,0.0,0.0,0.0
4120,Port of Los Angeles,33.73194444,-118.2597173,2017,Short Tons,35.12910854,0.0,0.0,0.0,0.0,0.0,0.0,0.0,0.0,0.0,0.0,0.0,0.0,1131409.0,0.0,0.0,0.0,0.0,0.0,0.0,0.0,0.0,0.0,0.0,0.0,0.0,0.0
4120,Port of Los Angeles,33.73194444,-118.2597173,2017,Short Tons,4.062859052,0.0,0.0,0.0,0.0,0.0,0.0,0.0,0.0,0.0,0.0,0.0,0.0,0.0,0.0,0.0,0.0,0.0,0.0,0.0,38635682.0,0.0,0.0,0.0,0.0,0.0,0.0
4120,Port of Los Angeles,33.73194444,-118.2597173,2017,Short Tons,4.690727416,0.0,0.0,0.0,0.0,0.0,0.0,0.0,0.0,0.0,0.0,0.0,0.0,0.0,0.0,0.0,0.0,0.0,0.0,58926048.0,0.0,0.0,0.0,0.0,0.0,0.0,0.0
4120,Port of Los Angeles,33.73194444,-118.2597173,2017,Short Tons,5.127972492,0.0,0.0,0.0,0.0,0.0,0.0,0.0,0.0,0.0,0.0,0.0,0.0,0.0,0.0,0.0,0.0,0.0,0.0,0.0,0.0,65826557.0,0.0,0.0,0.0,0.0,0.0
4120,Port of Los Angeles,33.73194444,-118.2597173,2017,Short Tons,5.302797374,0.0,0.0,0.0,0.0,0.0,0.0,0.0,0.0,0.0,0.0,0.0,0.0,0.0,0.0,1832295.0,0.0,0.0,0.0,0.0,0.0,0.0,0.0,0.0,0.0,0.0,0.0
4120,Port of Los Angeles,33.73194444,-118.2597173,2017,Short Tons,5.907468398,0.0,0.0,0.0,0.0,0.0,0.0,0.0,0.0,0.0,0.0,0.0,0.0,0.0,0.0,0.0,0.0,0.0,20290366.0,0.0,0.0,0.0,0.0,0.0,0.0,0.0,0.0
4120,Port of Los Angeles,33.73194444,-118.2597173,2017,Short Tons,7.139433108,0.0,0.0,0.0,0.0,0.0,0.0,0.0,0.0,0.0,0.0,0.0,0.0,0.0,0.0,0.0,3037404.0,0.0,0.0,0.0,0.0,0.0,0.0,0.0,0.0,0.0,0.0
4120,Port of Los Angeles,33.73194444,-118.2597173,2017,Short Tons,9.016035392,0.0,0.0,0.0,0.0,0.0,0.0,0.0,0.0,0.0,0.0,0.0,0.0,0.0,0.0,0.0,0.0,6900509.0,0.0,0.0,0.0,0.0,0.0,0.0,0.0,0.0,0.0
4120,Port of Los Angeles,33.73194444,-118.2597173,2018,Container TEUs,0,0.0,0.0,0.0,0.0,0.0,0.0,0.0,0.0,0.0,0.0,0.0,0.0,0.0,0.0,0.0,0.0,0.0,0.0,0.0,0.0,0.0,0.0,0.0,0.0,0.0,0.0
4120,Port of Los Angeles,33.73194444,-118.2597173,2018,Container TEUs,-1.578814534,0.0,2684112.65,0.0,0.0,0.0,0.0,0.0,0.0,0.0,0.0,0.0,0.0,0.0,0.0,0.0,0.0,0.0,0.0,0.0,0.0,0.0,0.0,0.0,0.0,0.0,0.0
4120,Port of Los Angeles,33.73194444,-118.2597173,2018,Container TEUs,0.135038635,0.0,0.0,0.0,0.0,0.0,0.0,0.0,0.0,1717936.88,0.0,0.0,0.0,0.0,0.0,0.0,0.0,0.0,0.0,0.0,0.0,0.0,0.0,0.0,0.0,0.0,0.0
4120,Port of Los Angeles,33.73194444,-118.2597173,2018,Container TEUs,0.216873391,0.0,0.0,1904053.85,0.0,0.0,0.0,0.0,0.0,0.0,0.0,0.0,0.0,0.0,0.0,0.0,0.0,0.0,0.0,0.0,0.0,0.0,0.0,0.0,0.0,0.0,0.0
4120,Port of Los Angeles,33.73194444,-118.2597173,2018,Container TEUs,1.236810863,0.0,0.0,0.0,0.0,0.0,9458748.5,0.0,0.0,0.0,0.0,0.0,0.0,0.0,0.0,0.0,0.0,0.0,0.0,0.0,0.0,0.0,0.0,0.0,0.0,0.0,0.0
4120,Port of Los Angeles,33.73194444,-118.2597173,2018,Container TEUs,3.275895261,0.0,0.0,0.0,4870582.0,0.0,0.0,0.0,0.0,0.0,0.0,0.0,0.0,0.0,0.0,0.0,0.0,0.0,0.0,0.0,0.0,0.0,0.0,0.0,0.0,0.0,0.0
4120,Port of Los Angeles,33.73194444,-118.2597173,2018,Container TEUs,5.652215813,0.0,0.0,0.0,0.0,0.0,0.0,0.0,0.0,0.0,0.0,6627292.5,0.0,0.0,0.0,0.0,0.0,0.0,0.0,0.0,0.0,0.0,0.0,0.0,0.0,0.0,0.0
4120,Port of Los Angeles,33.73194444,-118.2597173,2018,Container TEUs,7.729261671,0.0,0.0,0.0,0.0,0.0,0.0,0.0,0.0,0.0,4909355.5,0.0,0.0,0.0,0.0,0.0,0.0,0.0,0.0,0.0,0.0,0.0,0.0,0.0,0.0,0.0,0.0
4120,Port of Los Angeles,33.73194444,-118.2597173,2018,Short Tons,-0.485525988,0.0,0.0,0.0,0.0,0.0,0.0,0.0,0.0,0.0,0.0,0.0,0.0,0.0,0.0,0.0,0.0,0.0,20191851.0,0.0,0.0,0.0,0.0,0.0,0.0,0.0,0.0
4120,Port of Los Angeles,33.73194444,-118.2597173,2018,Short Tons,-2.296870539,0.0,0.0,0.0,0.0,0.0,0.0,0.0,0.0,0.0,0.0,0.0,0.0,1105422.0,0.0,0.0,0.0,0.0,0.0,0.0,0.0,0.0,0.0,0.0,0.0,0.0,0.0
4120,Port of Los Angeles,33.73194444,-118.2597173,2018,Short Tons,1.541620439,0.0,0.0,0.0,0.0,0.0,0.0,0.0,0.0,0.0,0.0,0.0,0.0,0.0,0.0,0.0,0.0,0.0,0.0,59834464.0,0.0,0.0,0.0,0.0,0.0,0.0,0.0
4120,Port of Los Angeles,33.73194444,-118.2597173,2018,Short Tons,12.0110792,0.0,0.0,0.0,0.0,0.0,0.0,0.0,0.0,0.0,0.0,0.0,0.0,0.0,0.0,0.0,3402229.0,0.0,0.0,0.0,0.0,0.0,0.0,0.0,0.0,0.0,0.0
4120,Port of Los Angeles,33.73194444,-118.2597173,2018,Short Tons,15.52297084,0.0,0.0,0.0,0.0,0.0,0.0,0.0,0.0,0.0,0.0,0.0,0.0,0.0,0.0,0.0,0.0,7971673.0,0.0,0.0,0.0,0.0,0.0,0.0,0.0,0.0,0.0
4120,Port of Los Angeles,33.73194444,-118.2597173,2018,Short Tons,2.468836294,0.0,0.0,0.0,0.0,0.0,0.0,0.0,0.0,0.0,0.0,0.0,0.0,0.0,3036873.0,0.0,0.0,0.0,0.0,0.0,0.0,0.0,0.0,0.0,0.0,0.0,0.0
4120,Port of Los Angeles,33.73194444,-118.2597173,2018,Short Tons,2.606220333,0.0,0.0,0.0,0.0,0.0,0.0,0.0,0.0,0.0,0.0,0.0,0.0,0.0,0.0,0.0,0.0,0.0,0.0,0.0,39642613.0,0.0,0.0,0.0,0.0,0.0,0.0
4120,Port of Los Angeles,33.73194444,-118.2597173,2018,Short Tons,3.007266505,0.0,0.0,0.0,0.0,0.0,0.0,0.0,0.0,0.0,0.0,0.0,0.0,0.0,0.0,0.0,0.0,0.0,0.0,0.0,0.0,67806137.0,0.0,0.0,0.0,0.0,0.0
4120,Port of Los Angeles,33.73194444,-118.2597173,2018,Short Tons,395.734057,0.0,0.0,0.0,0.0,0.0,0.0,0.0,0.0,0.0,0.0,0.0,365356.0,0.0,0.0,0.0,0.0,0.0,0.0,0.0,0.0,0.0,0.0,0.0,0.0,0.0,0.0
4120,Port of Los Angeles,33.73194444,-118.2597173,2018,Short Tons,5.41157401,0.0,0.0,0.0,0.0,0.0,0.0,0.0,0.0,0.0,0.0,0.0,0.0,0.0,0.0,1931451.0,0.0,0.0,0.0,0.0,0.0,0.0,0.0,0.0,0.0,0.0,0.0
4120,Port of Los Angeles,33.73194444,-118.2597173,2018,Vessel Calls,-1.707779886,0.0,0.0,0.0,0.0,0.0,0.0,0.0,0.0,0.0,0.0,0.0,0.0,0.0,0.0,0.0,0.0,0.0,0.0,0.0,0.0,0.0,0.0,0.0,259.0,0.0,0.0
4120,Port of Los Angeles,33.73194444,-118.2597173,2018,Vessel Calls,-14.87430168,0.0,0.0,0.0,0.0,0.0,0.0,0.0,0.0,0.0,0.0,0.0,0.0,0.0,0.0,0.0,0.0,0.0,0.0,0.0,0.0,0.0,0.0,0.0,0.0,609.5,0.0
4120,Port of Los Angeles,33.73194444,-118.2597173,2018,Vessel Calls,-4.87804878,0.0,0.0,0.0,0.0,0.0,0.0,0.0,0.0,0.0,0.0,0.0,0.0,0.0,0.0,0.0,0.0,0.0,0.0,0.0,0.0,0.0,0.0,78.0,0.0,0.0,0.0
4120,Port of Los Angeles,33.73194444,-118.2597173,2018,Vessel Calls,-7.377417904,0.0,0.0,0.0,0.0,0.0,0.0,0.0,0.0,0.0,0.0,0.0,0.0,0.0,0.0,0.0,0.0,0.0,0.0,0.0,0.0,0.0,1029.5,0.0,0.0,0.0,0.0
4120,Port of Los Angeles,33.73194444,-118.2597173,2018,Vessel Calls,9.947299078,0.0,0.0,0.0,0.0,0.0,0.0,0.0,0.0,0.0,0.0,0.0,0.0,0.0,0.0,0.0,0.0,0.0,0.0,0.0,0.0,0.0,0.0,0.0,0.0,0.0,1669.0
4345,Port of Oakland,37.79944444,-122.3012367,2015,Container TEUs,0,0.0,575130.0,858151.0,844234.0,0.0,2277515.0,0.0,68116.0,809964.0,846476.0,1724556.0,0.0,0.0,0.0,0.0,0.0,0.0,0.0,0.0,0.0,0.0,0.0,0.0,0.0,0.0,0.0
4345,Port of Oakland,37.79944444,-122.3012367,2015,Short Tons,0,0.0,0.0,0.0,0.0,0.0,0.0,0.0,0.0,0.0,0.0,0.0,335725.0,695798.0,705071.0,9273.0,1040796.0,1799873.0,8747434.0,15765746.0,7018312.0,17565619.0,0.0,0.0,0.0,0.0,0.0
4345,Port of Oakland,37.79944444,-122.3012367,2016,Container TEUs,0,0.0,0.0,0.0,0.0,0.0,0.0,0.0,0.0,0.0,0.0,0.0,0.0,0.0,0.0,0.0,0.0,0.0,0.0,0.0,0.0,0.0,0.0,0.0,0.0,0.0,0.0
4345,Port of Oakland,37.79944444,-122.3012367,2016,Container TEUs,-4.20194847,0.0,0.0,0.0,0.0,0.0,0.0,0.0,65253.8,0.0,0.0,0.0,0.0,0.0,0.0,0.0,0.0,0.0,0.0,0.0,0.0,0.0,0.0,0.0,0.0,0.0,0.0
4345,Port of Oakland,37.79944444,-122.3012367,2016,Container TEUs,-6.556778467,0.0,537420.0,0.0,0.0,0.0,0.0,0.0,0.0,0.0,0.0,0.0,0.0,0.0,0.0,0.0,0.0,0.0,0.0,0.0,0.0,0.0,0.0,0.0,0.0,0.0,0.0
4345,Port of Oakland,37.79944444,-122.3012367,2016,Container TEUs,10.53695678,0.0,0.0,948574.0,0.0,0.0,0.0,0.0,0.0,0.0,0.0,0.0,0.0,0.0,0.0,0.0,0.0,0.0,0.0,0.0,0.0,0.0,0.0,0.0,0.0,0.0,0.0
4345,Port of Oakland,37.79944444,-122.3012367,2016,Container TEUs,10.70635547,0.0,0.0,0.0,0.0,0.0,0.0,0.0,0.0,896681.63,0.0,0.0,0.0,0.0,0.0,0.0,0.0,0.0,0.0,0.0,0.0,0.0,0.0,0.0,0.0,0.0,0.0
4345,Port of Oakland,37.79944444,-122.3012367,2016,Container TEUs,4.045022755,0.0,0.0,0.0,0.0,0.0,2369641.0,0.0,0.0,0.0,0.0,0.0,0.0,0.0,0.0,0.0,0.0,0.0,0.0,0.0,0.0,0.0,0.0,0.0,0.0,0.0,0.0
4345,Port of Oakland,37.79944444,-122.3012367,2016,Container TEUs,4.227357007,0.0,0.0,0.0,0.0,0.0,0.0,0.0,0.0,0.0,882259.56,0.0,0.0,0.0,0.0,0.0,0.0,0.0,0.0,0.0,0.0,0.0,0.0,0.0,0.0,0.0,0.0
4345,Port of Oakland,37.79944444,-122.3012367,2016,Container TEUs,4.668492385,0.0,0.0,0.0,883647.0,0.0,0.0,0.0,0.0,0.0,0.0,0.0,0.0,0.0,0.0,0.0,0.0,0.0,0.0,0.0,0.0,0.0,0.0,0.0,0.0,0.0,0.0
4345,Port of Oakland,37.79944444,-122.3012367,2016,Container TEUs,6.937379824,0.0,0.0,0.0,0.0,0.0,0.0,0.0,0.0,0.0,0.0,1844195.0,0.0,0.0,0.0,0.0,0.0,0.0,0.0,0.0,0.0,0.0,0.0,0.0,0.0,0.0,0.0
4345,Port of Oakland,37.79944444,-122.3012367,2016,Short Tons,-1.466665898,0.0,0.0,0.0,0.0,0.0,0.0,0.0,0.0,0.0,0.0,0.0,0.0,0.0,0.0,0.0,1025531.0,0.0,0.0,0.0,0.0,0.0,0.0,0.0,0.0,0.0,0.0
4345,Port of Oakland,37.79944444,-122.3012367,2016,Short Tons,-100,0.0,0.0,0.0,0.0,0.0,0.0,0.0,0.0,0.0,0.0,0.0,0.0,0.0,0.0,0.0,0.0,0.0,0.0,0.0,0.0,0.0,0.0,0.0,0.0,0.0,0.0
4345,Port of Oakland,37.79944444,-122.3012367,2016,Short Tons,-13.24292395,0.0,0.0,0.0,0.0,0.0,0.0,0.0,0.0,0.0,0.0,0.0,0.0,603654.0,0.0,0.0,0.0,0.0,0.0,0.0,0.0,0.0,0.0,0.0,0.0,0.0,0.0
4345,Port of Oakland,37.79944444,-122.3012367,2016,Short Tons,-14.38394148,0.0,0.0,0.0,0.0,0.0,0.0,0.0,0.0,0.0,0.0,0.0,0.0,0.0,603654.0,0.0,0.0,0.0,0.0,0.0,0.0,0.0,0.0,0.0,0.0,0.0,0.0
4345,Port of Oakland,37.79944444,-122.3012367,2016,Short Tons,13.03618867,0.0,0.0,0.0,0.0,0.0,0.0,0.0,0.0,0.0,0.0,0.0,0.0,0.0,0.0,0.0,0.0,0.0,9887766.0,0.0,0.0,0.0,0.0,0.0,0.0,0.0,0.0
4345,Port of Oakland,37.79944444,-122.3012367,2016,Short Tons,2.596692766,0.0,0.0,0.0,0.0,0.0,0.0,0.0,0.0,0.0,0.0,0.0,0.0,0.0,0.0,0.0,0.0,0.0,0.0,0.0,7200556.0,0.0,0.0,0.0,0.0,0.0,0.0
4345,Port of Oakland,37.79944444,-122.3012367,2016,Short Tons,25.66147889,0.0,0.0,0.0,0.0,0.0,0.0,0.0,0.0,0.0,0.0,0.0,421877.0,0.0,0.0,0.0,0.0,0.0,0.0,0.0,0.0,0.0,0.0,0.0,0.0,0.0,0.0
4345,Port of Oakland,37.79944444,-122.3012367,2016,Short Tons,8.388921146,0.0,0.0,0.0,0.0,0.0,0.0,0.0,0.0,0.0,0.0,0.0,0.0,0.0,0.0,0.0,0.0,0.0,0.0,17088322.0,0.0,0.0,0.0,0.0,0.0,0.0,0.0
4345,Port of Oakland,37.79944444,-122.3012367,2016,Short Tons,8.46170579,0.0,0.0,0.0,0.0,0.0,0.0,0.0,0.0,0.0,0.0,0.0,0.0,0.0,0.0,0.0,0.0,0.0,0.0,0.0,0.0,19051970.0,0.0,0.0,0.0,0.0,0.0
4345,Port of Oakland,37.79944444,-122.3012367,2016,Short Tons,9.099253114,0.0,0.0,0.0,0.0,0.0,0.0,0.0,0.0,0.0,0.0,0.0,0.0,0.0,0.0,0.0,0.0,1963648.0,0.0,0.0,0.0,0.0,0.0,0.0,0.0,0.0,0.0
4345,Port of Oakland,37.79944444,-122.3012367,2017,Container TEUs,0,0.0,0.0,0.0,0.0,0.0,0.0,0.0,0.0,0.0,0.0,0.0,0.0,0.0,0.0,0.0,0.0,0.0,0.0,0.0,0.0,0.0,0.0,0.0,0.0,0.0,0.0
4345,Port of Oakland,37.79944444,-122.3012367,2017,Container TEUs,-1.871019024,0.0,0.0,930826.0,0.0,0.0,0.0,0.0,0.0,0.0,0.0,0.0,0.0,0.0,0.0,0.0,0.0,0.0,0.0,0.0,0.0,0.0,0.0,0.0,0.0,0.0,0.0
4345,Port of Oakland,37.79944444,-122.3012367,2017,Container TEUs,-2.360836546,0.0,0.0,0.0,0.0,0.0,0.0,0.0,0.0,875512.44,0.0,0.0,0.0,0.0,0.0,0.0,0.0,0.0,0.0,0.0,0.0,0.0,0.0,0.0,0.0,0.0,0.0
4345,Port of Oakland,37.79944444,-122.3012367,2017,Container TEUs,0.255545102,0.0,0.0,0.0,0.0,0.0,0.0,0.0,0.0,0.0,0.0,1848907.75,0.0,0.0,0.0,0.0,0.0,0.0,0.0,0.0,0.0,0.0,0.0,0.0,0.0,0.0,0.0
4345,Port of Oakland,37.79944444,-122.3012367,2017,Container TEUs,2.160496041,0.0,0.0,0.0,0.0,0.0,2420837.0,0.0,0.0,0.0,0.0,0.0,0.0,0.0,0.0,0.0,0.0,0.0,0.0,0.0,0.0,0.0,0.0,0.0,0.0,0.0,0.0
4345,Port of Oakland,37.79944444,-122.3012367,2017,Container TEUs,2.471353899,0.0,0.0,0.0,0.0,0.0,0.0,0.0,66866.45,0.0,0.0,0.0,0.0,0.0,0.0,0.0,0.0,0.0,0.0,0.0,0.0,0.0,0.0,0.0,0.0,0.0,0.0
4345,Port of Oakland,37.79944444,-122.3012367,2017,Container TEUs,2.750806116,0.0,0.0,0.0,0.0,0.0,0.0,0.0,0.0,0.0,906528.81,0.0,0.0,0.0,0.0,0.0,0.0,0.0,0.0,0.0,0.0,0.0,0.0,0.0,0.0,0.0,0.0
4345,Port of Oakland,37.79944444,-122.3012367,2017,Container TEUs,4.059992282,0.0,0.0,0.0,919523.0,0.0,0.0,0.0,0.0,0.0,0.0,0.0,0.0,0.0,0.0,0.0,0.0,0.0,0.0,0.0,0.0,0.0,0.0,0.0,0.0,0.0,0.0
4345,Port of Oakland,37.79944444,-122.3012367,2017,Container TEUs,6.153101857,0.0,570488.0,0.0,0.0,0.0,0.0,0.0,0.0,0.0,0.0,0.0,0.0,0.0,0.0,0.0,0.0,0.0,0.0,0.0,0.0,0.0,0.0,0.0,0.0,0.0,0.0
4345,Port of Oakland,37.79944444,-122.3012367,2017,Short Tons,0,0.0,0.0,0.0,0.0,0.0,0.0,0.0,0.0,0.0,0.0,0.0,0.0,0.0,0.0,15102.0,0.0,0.0,0.0,0.0,0.0,0.0,0.0,0.0,0.0,0.0,0.0
4345,Port of Oakland,37.79944444,-122.3012367,2017,Short Tons,-0.504755068,0.0,0.0,0.0,0.0,0.0,0.0,0.0,0.0,0.0,0.0,0.0,0.0,0.0,0.0,0.0,0.0,0.0,9837857.0,0.0,0.0,0.0,0.0,0.0,0.0,0.0,0.0
4345,Port of Oakland,37.79944444,-122.3012367,2017,Short Tons,-2.330063028,0.0,0.0,0.0,0.0,0.0,0.0,0.0,0.0,0.0,0.0,0.0,412047.0,0.0,0.0,0.0,0.0,0.0,0.0,0.0,0.0,0.0,0.0,0.0,0.0,0.0,0.0
4345,Port of Oakland,37.79944444,-122.3012367,2017,Short Tons,1.078022757,0.0,0.0,0.0,0.0,0.0,0.0,0.0,0.0,0.0,0.0,0.0,0.0,0.0,0.0,0.0,0.0,0.0,0.0,17272538.0,0.0,0.0,0.0,0.0,0.0,0.0,0.0
4345,Port of Oakland,37.79944444,-122.3012367,2017,Short Tons,1.791625748,0.0,0.0,0.0,0.0,0.0,0.0,0.0,0.0,0.0,0.0,0.0,0.0,0.0,0.0,0.0,0.0,0.0,0.0,0.0,0.0,19393310.0,0.0,0.0,0.0,0.0,0.0
4345,Port of Oakland,37.79944444,-122.3012367,2017,Short Tons,20.72497077,0.0,0.0,0.0,0.0,0.0,0.0,0.0,0.0,0.0,0.0,0.0,0.0,0.0,0.0,0.0,1238072.0,0.0,0.0,0.0,0.0,0.0,0.0,0.0,0.0,0.0,0.0
4345,Port of Oakland,37.79944444,-122.3012367,2017,Short Tons,3.251485024,0.0,0.0,0.0,0.0,0.0,0.0,0.0,0.0,0.0,0.0,0.0,0.0,0.0,0.0,0.0,0.0,0.0,0.0,0.0,7434681.0,0.0,0.0,0.0,0.0,0.0,0.0
4345,Port of Oakland,37.79944444,-122.3012367,2017,Short Tons,34.33556309,0.0,0.0,0.0,0.0,0.0,0.0,0.0,0.0,0.0,0.0,0.0,0.0,810922.0,0.0,0.0,0.0,0.0,0.0,0.0,0.0,0.0,0.0,0.0,0.0,0.0,0.0
4345,Port of Oakland,37.79944444,-122.3012367,2017,Short Tons,36.837493,0.0,0.0,0.0,0.0,0.0,0.0,0.0,0.0,0.0,0.0,0.0,0.0,0.0,826025.0,0.0,0.0,0.0,0.0,0.0,0.0,0.0,0.0,0.0,0.0,0.0,0.0
4345,Port of Oakland,37.79944444,-122.3012367,2017,Short Tons,8.001637768,0.0,0.0,0.0,0.0,0.0,0.0,0.0,0.0,0.0,0.0,0.0,0.0,0.0,0.0,0.0,0.0,2120772.0,0.0,0.0,0.0,0.0,0.0,0.0,0.0,0.0,0.0
4345,Port of Oakland,37.79944444,-122.3012367,2018,Container TEUs,0,0.0,0.0,0.0,0.0,0.0,0.0,0.0,0.0,0.0,0.0,0.0,0.0,0.0,0.0,0.0,0.0,0.0,0.0,0.0,0.0,0.0,0.0,0.0,0.0,0.0,0.0
4345,Port of Oakland,37.79944444,-122.3012367,2018,Container TEUs,-3.547601807,0.0,0.0,897804.0,0.0,0.0,0.0,0.0,0.0,0.0,0.0,0.0,0.0,0.0,0.0,0.0,0.0,0.0,0.0,0.0,0.0,0.0,0.0,0.0,0.0,0.0,0.0
4345,Port of Oakland,37.79944444,-122.3012367,2018,Container TEUs,-4.405762654,0.0,0.0,0.0,0.0,0.0,0.0,0.0,0.0,836939.44,0.0,0.0,0.0,0.0,0.0,0.0,0.0,0.0,0.0,0.0,0.0,0.0,0.0,0.0,0.0,0.0,0.0
4345,Port of Oakland,37.79944444,-122.3012367,2018,Container TEUs,-6.920814419,0.0,0.0,0.0,0.0,0.0,0.0,0.0,62238.75,0.0,0.0,0.0,0.0,0.0,0.0,0.0,0.0,0.0,0.0,0.0,0.0,0.0,0.0,0.0,0.0,0.0,0.0
4345,Port of Oakland,37.79944444,-122.3012367,2018,Container TEUs,1.400651276,0.0,0.0,0.0,0.0,0.0,0.0,0.0,0.0,0.0,0.0,1874804.5,0.0,0.0,0.0,0.0,0.0,0.0,0.0,0.0,0.0,0.0,0.0,0.0,0.0,0.0,0.0
4345,Port of Oakland,37.79944444,-122.3012367,2018,Container TEUs,19.7212036,0.0,682995.1,0.0,0.0,0.0,0.0,0.0,0.0,0.0,0.0,0.0,0.0,0.0,0.0,0.0,0.0,0.0,0.0,0.0,0.0,0.0,0.0,0.0,0.0,0.0,0.0
4345,Port of Oakland,37.79944444,-122.3012367,2018,Container TEUs,5.005747545,0.0,0.0,0.0,965552.0,0.0,0.0,0.0,0.0,0.0,0.0,0.0,0.0,0.0,0.0,0.0,0.0,0.0,0.0,0.0,0.0,0.0,0.0,0.0,0.0,0.0,0.0
4345,Port of Oakland,37.79944444,-122.3012367,2018,Container TEUs,5.184739823,0.0,0.0,0.0,0.0,0.0,2546351.1,0.0,0.0,0.0,0.0,0.0,0.0,0.0,0.0,0.0,0.0,0.0,0.0,0.0,0.0,0.0,0.0,0.0,0.0,0.0,0.0
4345,Port of Oakland,37.79944444,-122.3012367,2018,Container TEUs,7.622213607,0.0,0.0,0.0,0.0,0.0,0.0,0.0,0.0,0.0,975626.38,0.0,0.0,0.0,0.0,0.0,0.0,0.0,0.0,0.0,0.0,0.0,0.0,0.0,0.0,0.0,0.0
4345,Port of Oakland,37.79944444,-122.3012367,2018,Short Tons,-0.100209815,0.0,0.0,0.0,0.0,0.0,0.0,0.0,0.0,0.0,0.0,0.0,0.0,0.0,0.0,0.0,0.0,0.0,0.0,0.0,0.0,19373876.0,0.0,0.0,0.0,0.0,0.0
4345,Port of Oakland,37.79944444,-122.3012367,2018,Short Tons,-1.423194833,0.0,0.0,0.0,0.0,0.0,0.0,0.0,0.0,0.0,0.0,0.0,0.0,799381.0,0.0,0.0,0.0,0.0,0.0,0.0,0.0,0.0,0.0,0.0,0.0,0.0,0.0
4345,Port of Oakland,37.79944444,-122.3012367,2018,Short Tons,-3.22036258,0.0,0.0,0.0,0.0,0.0,0.0,0.0,0.0,0.0,0.0,0.0,0.0,0.0,799424.0,0.0,0.0,0.0,0.0,0.0,0.0,0.0,0.0,0.0,0.0,0.0,0.0
4345,Port of Oakland,37.79944444,-122.3012367,2018,Short Tons,-4.757133591,0.0,0.0,0.0,0.0,0.0,0.0,0.0,0.0,0.0,0.0,0.0,0.0,0.0,0.0,0.0,0.0,0.0,9369857.0,0.0,0.0,0.0,0.0,0.0,0.0,0.0,0.0
4345,Port of Oakland,37.79944444,-122.3012367,2018,Short Tons,-5.599281771,0.0,0.0,0.0,0.0,0.0,0.0,0.0,0.0,0.0,0.0,0.0,0.0,0.0,0.0,0.0,0.0,2002024.0,0.0,0.0,0.0,0.0,0.0,0.0,0.0,0.0,0.0
4345,Port of Oakland,37.79944444,-122.3012367,2018,Short Tons,-99.7152695,0.0,0.0,0.0,0.0,0.0,0.0,0.0,0.0,0.0,0.0,0.0,0.0,0.0,0.0,43.0,0.0,0.0,0.0,0.0,0.0,0.0,0.0,0.0,0.0,0.0,0.0
4345,Port of Oakland,37.79944444,-122.3012367,2018,Short Tons,0.57498209,0.0,0.0,0.0,0.0,0.0,0.0,0.0,0.0,0.0,0.0,0.0,0.0,0.0,0.0,0.0,0.0,0.0,0.0,17371852.0,0.0,0.0,0.0,0.0,0.0,0.0,0.0
4345,Port of Oakland,37.79944444,-122.3012367,2018,Short Tons,0.949379358,0.0,0.0,0.0,0.0,0.0,0.0,0.0,0.0,0.0,0.0,0.0,0.0,0.0,0.0,0.0,1249826.0,0.0,0.0,0.0,0.0,0.0,0.0,0.0,0.0,0.0,0.0
4345,Port of Oakland,37.79944444,-122.3012367,2018,Short Tons,7.630643467,0.0,0.0,0.0,0.0,0.0,0.0,0.0,0.0,0.0,0.0,0.0,0.0,0.0,0.0,0.0,0.0,0.0,0.0,0.0,8001995.0,0.0,0.0,0.0,0.0,0.0,0.0
4345,Port of Oakland,37.79944444,-122.3012367,2018,Short Tons,9.308404138,0.0,0.0,0.0,0.0,0.0,0.0,0.0,0.0,0.0,0.0,0.0,450402.0,0.0,0.0,0.0,0.0,0.0,0.0,0.0,0.0,0.0,0.0,0.0,0.0,0.0,0.0
4345,Port of Oakland,37.79944444,-122.3012367,2018,Vessel Calls,-15.2173913,0.0,0.0,0.0,0.0,0.0,0.0,0.0,0.0,0.0,0.0,0.0,0.0,0.0,0.0,0.0,0.0,0.0,0.0,0.0,0.0,0.0,0.0,19.5,0.0,0.0,0.0
4345,Port of Oakland,37.79944444,-122.3012367,2018,Vessel Calls,-2.922286448,0.0,0.0,0.0,0.0,0.0,0.0,0.0,0.0,0.0,0.0,0.0,0.0,0.0,0.0,0.0,0.0,0.0,0.0,0.0,0.0,0.0,1511.5,0.0,0.0,0.0,0.0
4345,Port of Oakland,37.79944444,-122.3012367,2018,Vessel Calls,-3.144654088,0.0,0.0,0.0,0.0,0.0,0.0,0.0,0.0,0.0,0.0,0.0,0.0,0.0,0.0,0.0,0.0,0.0,0.0,0.0,0.0,0.0,0.0,0.0,154.0,0.0,0.0
4345,Port of Oakland,37.79944444,-122.3012367,2018,Vessel Calls,17.5257732,0.0,0.0,0.0,0.0,0.0,0.0,0.0,0.0,0.0,0.0,0.0,0.0,0.0,0.0,0.0,0.0,0.0,0.0,0.0,0.0,0.0,0.0,0.0,0.0,0.0,399.0
4345,Port of Oakland,37.79944444,-122.3012367,2018,Vessel Calls,30.6122449,0.0,0.0,0.0,0.0,0.0,0.0,0.0,0.0,0.0,0.0,0.0,0.0,0.0,0.0,0.0,0.0,0.0,0.0,0.0,0.0,0.0,0.0,0.0,0.0,32.0,0.0
4420,Port of Honolulu,21.30944444,-157.8737338,2015,Container TEUs,0,0.0,374941.0,283714.2,457040.58,0.0,1115695.78,0.0,288864.0,324589.0,473318.0,1086771.0,0.0,0.0,0.0,0.0,0.0,0.0,0.0,0.0,0.0,0.0,0.0,0.0,0.0,0.0,0.0
4420,Port of Honolulu,21.30944444,-157.8737338,2015,Short Tons,0,0.0,0.0,0.0,0.0,0.0,0.0,0.0,0.0,0.0,0.0,0.0,9050631.0,0.0,99.0,99.0,9050730.0,12812083.0,148013.0,1019846.0,871833.0,13831929.0,0.0,0.0,0.0,0.0,0.0
4420,Port of Honolulu,21.30944444,-157.8737338,2016,Container TEUs,0,0.0,0.0,0.0,0.0,0.0,0.0,0.0,0.0,0.0,0.0,0.0,0.0,0.0,0.0,0.0,0.0,0.0,0.0,0.0,0.0,0.0,0.0,0.0,0.0,0.0,0.0
4420,Port of Honolulu,21.30944444,-157.8737338,2016,Container TEUs,-18.29675028,0.0,0.0,0.0,0.0,0.0,0.0,0.0,0.0,0.0,386716.19,0.0,0.0,0.0,0.0,0.0,0.0,0.0,0.0,0.0,0.0,0.0,0.0,0.0,0.0,0.0,0.0
4420,Port of Honolulu,21.30944444,-157.8737338,2016,Container TEUs,-5.180079639,0.0,0.0,0.0,0.0,0.0,0.0,0.0,0.0,307775.03,0.0,0.0,0.0,0.0,0.0,0.0,0.0,0.0,0.0,0.0,0.0,0.0,0.0,0.0,0.0,0.0,0.0
4420,Port of Honolulu,21.30944444,-157.8737338,2016,Container TEUs,-9.482839531,0.0,0.0,0.0,0.0,0.0,0.0,0.0,0.0,0.0,0.0,983714.25,0.0,0.0,0.0,0.0,0.0,0.0,0.0,0.0,0.0,0.0,0.0,0.0,0.0,0.0,0.0
4420,Port of Honolulu,21.30944444,-157.8737338,2016,Container TEUs,0.124279938,0.0,0.0,0.0,0.0,0.0,0.0,0.0,289223.0,0.0,0.0,0.0,0.0,0.0,0.0,0.0,0.0,0.0,0.0,0.0,0.0,0.0,0.0,0.0,0.0,0.0,0.0
4420,Port of Honolulu,21.30944444,-157.8737338,2016,Container TEUs,15.80437398,0.0,0.0,0.0,0.0,0.0,1292024.52,0.0,0.0,0.0,0.0,0.0,0.0,0.0,0.0,0.0,0.0,0.0,0.0,0.0,0.0,0.0,0.0,0.0,0.0,0.0,0.0
4420,Port of Honolulu,21.30944444,-157.8737338,2016,Container TEUs,17.91508531,0.0,442112.0,0.0,0.0,0.0,0.0,0.0,0.0,0.0,0.0,0.0,0.0,0.0,0.0,0.0,0.0,0.0,0.0,0.0,0.0,0.0,0.0,0.0,0.0,0.0,0.0
4420,Port of Honolulu,21.30944444,-157.8737338,2016,Container TEUs,19.97344873,0.0,0.0,0.0,548327.35,0.0,0.0,0.0,0.0,0.0,0.0,0.0,0.0,0.0,0.0,0.0,0.0,0.0,0.0,0.0,0.0,0.0,0.0,0.0,0.0,0.0,0.0
4420,Port of Honolulu,21.30944444,-157.8737338,2016,Container TEUs,6.298932764,0.0,0.0,301585.17,0.0,0.0,0.0,0.0,0.0,0.0,0.0,0.0,0.0,0.0,0.0,0.0,0.0,0.0,0.0,0.0,0.0,0.0,0.0,0.0,0.0,0.0,0.0
4420,Port of Honolulu,21.30944444,-157.8737338,2016,Short Tons,0,0.0,0.0,0.0,0.0,0.0,0.0,0.0,0.0,0.0,0.0,0.0,0.0,0.0,0.0,0.0,0.0,0.0,0.0,0.0,0.0,0.0,0.0,0.0,0.0,0.0,0.0
4420,Port of Honolulu,21.30944444,-157.8737338,2016,Short Tons,-0.755765881,0.0,0.0,0.0,0.0,0.0,0.0,0.0,0.0,0.0,0.0,0.0,0.0,0.0,0.0,0.0,0.0,0.0,0.0,0.0,0.0,13727392.0,0.0,0.0,0.0,0.0,0.0
4420,Port of Honolulu,21.30944444,-157.8737338,2016,Short Tons,-3.066792496,0.0,0.0,0.0,0.0,0.0,0.0,0.0,0.0,0.0,0.0,0.0,0.0,0.0,0.0,0.0,0.0,12419163.0,0.0,0.0,0.0,0.0,0.0,0.0,0.0,0.0,0.0
4420,Port of Honolulu,21.30944444,-157.8737338,2016,Short Tons,1.328327274,0.0,0.0,0.0,0.0,0.0,0.0,0.0,0.0,0.0,0.0,0.0,9170853.0,0.0,0.0,0.0,0.0,0.0,0.0,0.0,0.0,0.0,0.0,0.0,0.0,0.0,0.0
4420,Port of Honolulu,21.30944444,-157.8737338,2016,Short Tons,1.739141484,0.0,0.0,0.0,0.0,0.0,0.0,0.0,0.0,0.0,0.0,0.0,0.0,0.0,0.0,0.0,9208135.0,0.0,0.0,0.0,0.0,0.0,0.0,0.0,0.0,0.0,0.0
4420,Port of Honolulu,21.30944444,-157.8737338,2016,Short Tons,12.47222805,0.0,0.0,0.0,0.0,0.0,0.0,0.0,0.0,0.0,0.0,0.0,0.0,0.0,0.0,0.0,0.0,0.0,0.0,0.0,980570.0,0.0,0.0,0.0,0.0,0.0,0.0
4420,Port of Honolulu,21.30944444,-157.8737338,2016,Short Tons,121.3717714,0.0,0.0,0.0,0.0,0.0,0.0,0.0,0.0,0.0,0.0,0.0,0.0,0.0,0.0,0.0,0.0,0.0,327659.0,0.0,0.0,0.0,0.0,0.0,0.0,0.0,0.0
4420,Port of Honolulu,21.30944444,-157.8737338,2016,Short Tons,28.27711243,0.0,0.0,0.0,0.0,0.0,0.0,0.0,0.0,0.0,0.0,0.0,0.0,0.0,0.0,0.0,0.0,0.0,0.0,1308229.0,0.0,0.0,0.0,0.0,0.0,0.0,0.0
4420,Port of Honolulu,21.30944444,-157.8737338,2016,Short Tons,"37,558.59",0.0,0.0,0.0,0.0,0.0,0.0,0.0,0.0,0.0,0.0,0.0,0.0,0.0,37282.0,37282.0,0.0,0.0,0.0,0.0,0.0,0.0,0.0,0.0,0.0,0.0,0.0
4420,Port of Honolulu,21.30944444,-157.8737338,2017,Container TEUs,0,0.0,0.0,0.0,0.0,0.0,0.0,0.0,0.0,0.0,0.0,0.0,0.0,0.0,0.0,0.0,0.0,0.0,0.0,0.0,0.0,0.0,0.0,0.0,0.0,0.0,0.0
4420,Port of Honolulu,21.30944444,-157.8737338,2017,Container TEUs,-1.795274038,0.0,0.0,296170.89,0.0,0.0,0.0,0.0,0.0,0.0,0.0,0.0,0.0,0.0,0.0,0.0,0.0,0.0,0.0,0.0,0.0,0.0,0.0,0.0,0.0,0.0,0.0
4420,Port of Honolulu,21.30944444,-157.8737338,2017,Container TEUs,-10.63719348,0.0,0.0,0.0,490000.71,0.0,0.0,0.0,0.0,0.0,0.0,0.0,0.0,0.0,0.0,0.0,0.0,0.0,0.0,0.0,0.0,0.0,0.0,0.0,0.0,0.0,0.0
4420,Port of Honolulu,21.30944444,-157.8737338,2017,Container TEUs,-2.060520775,0.0,0.0,0.0,0.0,0.0,0.0,0.0,283263.5,0.0,0.0,0.0,0.0,0.0,0.0,0.0,0.0,0.0,0.0,0.0,0.0,0.0,0.0,0.0,0.0,0.0,0.0
4420,Port of Honolulu,21.30944444,-157.8737338,2017,Container TEUs,-3.34629008,0.0,427317.65,0.0,0.0,0.0,0.0,0.0,0.0,0.0,0.0,0.0,0.0,0.0,0.0,0.0,0.0,0.0,0.0,0.0,0.0,0.0,0.0,0.0,0.0,0.0,0.0
4420,Port of Honolulu,21.30944444,-157.8737338,2017,Container TEUs,-6.078466079,0.0,0.0,0.0,0.0,0.0,1213489.25,0.0,0.0,0.0,0.0,0.0,0.0,0.0,0.0,0.0,0.0,0.0,0.0,0.0,0.0,0.0,0.0,0.0,0.0,0.0,0.0
4420,Port of Honolulu,21.30944444,-157.8737338,2017,Container TEUs,0.912029799,0.0,0.0,0.0,0.0,0.0,0.0,0.0,0.0,310582.03,0.0,0.0,0.0,0.0,0.0,0.0,0.0,0.0,0.0,0.0,0.0,0.0,0.0,0.0,0.0,0.0,0.0
4420,Port of Honolulu,21.30944444,-157.8737338,2017,Container TEUs,11.53927576,0.0,0.0,0.0,0.0,0.0,0.0,0.0,0.0,0.0,0.0,1097227.75,0.0,0.0,0.0,0.0,0.0,0.0,0.0,0.0,0.0,0.0,0.0,0.0,0.0,0.0,0.0
4420,Port of Honolulu,21.30944444,-157.8737338,2017,Container TEUs,30.16837768,0.0,0.0,0.0,0.0,0.0,0.0,0.0,0.0,0.0,503382.19,0.0,0.0,0.0,0.0,0.0,0.0,0.0,0.0,0.0,0.0,0.0,0.0,0.0,0.0,0.0,0.0
4420,Port of Honolulu,21.30944444,-157.8737338,2017,Short Tons,0,0.0,0.0,0.0,0.0,0.0,0.0,0.0,0.0,0.0,0.0,0.0,0.0,986.0,0.0,0.0,0.0,0.0,0.0,0.0,0.0,0.0,0.0,0.0,0.0,0.0,0.0
4420,Port of Honolulu,21.30944444,-157.8737338,2017,Short Tons,-18.46150708,0.0,0.0,0.0,0.0,0.0,0.0,0.0,0.0,0.0,0.0,0.0,0.0,0.0,0.0,0.0,0.0,0.0,0.0,0.0,799542.0,0.0,0.0,0.0,0.0,0.0,0.0
4420,Port of Honolulu,21.30944444,-157.8737338,2017,Short Tons,-2.004589977,0.0,0.0,0.0,0.0,0.0,0.0,0.0,0.0,0.0,0.0,0.0,8987015.0,0.0,0.0,0.0,0.0,0.0,0.0,0.0,0.0,0.0,0.0,0.0,0.0,0.0,0.0
4420,Port of Honolulu,21.30944444,-157.8737338,2017,Short Tons,-2.390386327,0.0,0.0,0.0,0.0,0.0,0.0,0.0,0.0,0.0,0.0,0.0,0.0,0.0,0.0,0.0,8988025.0,0.0,0.0,0.0,0.0,0.0,0.0,0.0,0.0,0.0,0.0
4420,Port of Honolulu,21.30944444,-157.8737338,2017,Short Tons,-97.29091787,0.0,0.0,0.0,0.0,0.0,0.0,0.0,0.0,0.0,0.0,0.0,0.0,0.0,1010.0,0.0,0.0,0.0,0.0,0.0,0.0,0.0,0.0,0.0,0.0,0.0,0.0
4420,Port of Honolulu,21.30944444,-157.8737338,2017,Short Tons,-99.93294351,0.0,0.0,0.0,0.0,0.0,0.0,0.0,0.0,0.0,0.0,0.0,0.0,0.0,0.0,25.0,0.0,0.0,0.0,0.0,0.0,0.0,0.0,0.0,0.0,0.0,0.0
4420,Port of Honolulu,21.30944444,-157.8737338,2017,Short Tons,2.819919143,0.0,0.0,0.0,0.0,0.0,0.0,0.0,0.0,0.0,0.0,0.0,0.0,0.0,0.0,0.0,0.0,0.0,0.0,1345120.0,0.0,0.0,0.0,0.0,0.0,0.0,0.0
4420,Port of Honolulu,21.30944444,-157.8737338,2017,Short Tons,66.50786336,0.0,0.0,0.0,0.0,0.0,0.0,0.0,0.0,0.0,0.0,0.0,0.0,0.0,0.0,0.0,0.0,0.0,545578.0,0.0,0.0,0.0,0.0,0.0,0.0,0.0,0.0
4420,Port of Honolulu,21.30944444,-157.8737338,2017,Short Tons,7.710066122,0.0,0.0,0.0,0.0,0.0,0.0,0.0,0.0,0.0,0.0,0.0,0.0,0.0,0.0,0.0,0.0,0.0,0.0,0.0,0.0,14785783.0,0.0,0.0,0.0,0.0,0.0
4420,Port of Honolulu,21.30944444,-157.8737338,2017,Short Tons,8.225191988,0.0,0.0,0.0,0.0,0.0,0.0,0.0,0.0,0.0,0.0,0.0,0.0,0.0,0.0,0.0,0.0,13440663.0,0.0,0.0,0.0,0.0,0.0,0.0,0.0,0.0,0.0
4420,Port of Honolulu,21.30944444,-157.8737338,2018,Container TEUs,0,0.0,0.0,0.0,0.0,0.0,0.0,0.0,0.0,0.0,0.0,0.0,0.0,0.0,0.0,0.0,0.0,0.0,0.0,0.0,0.0,0.0,0.0,0.0,0.0,0.0,0.0
4420,Port of Honolulu,21.30944444,-157.8737338,2018,Container TEUs,-0.088525413,0.0,0.0,295908.7,0.0,0.0,0.0,0.0,0.0,0.0,0.0,0.0,0.0,0.0,0.0,0.0,0.0,0.0,0.0,0.0,0.0,0.0,0.0,0.0,0.0,0.0,0.0
4420,Port of Honolulu,21.30944444,-157.8737338,2018,Container TEUs,2.501677714,0.0,0.0,0.0,0.0,0.0,0.0,0.0,0.0,0.0,515975.19,0.0,0.0,0.0,0.0,0.0,0.0,0.0,0.0,0.0,0.0,0.0,0.0,0.0,0.0,0.0,0.0
4420,Port of Honolulu,21.30944444,-157.8737338,2018,Container TEUs,2.94752039,0.0,0.0,0.0,0.0,0.0,0.0,0.0,0.0,319736.5,0.0,0.0,0.0,0.0,0.0,0.0,0.0,0.0,0.0,0.0,0.0,0.0,0.0,0.0,0.0,0.0,0.0
4420,Port of Honolulu,21.30944444,-157.8737338,2018,Container TEUs,3.87059569,0.0,0.0,0.0,0.0,0.0,0.0,0.0,0.0,0.0,0.0,1139697.0,0.0,0.0,0.0,0.0,0.0,0.0,0.0,0.0,0.0,0.0,0.0,0.0,0.0,0.0,0.0
4420,Port of Honolulu,21.30944444,-157.8737338,2018,Container TEUs,4.446236649,0.0,0.0,0.0,511787.3,0.0,0.0,0.0,0.0,0.0,0.0,0.0,0.0,0.0,0.0,0.0,0.0,0.0,0.0,0.0,0.0,0.0,0.0,0.0,0.0,0.0,0.0
4420,Port of Honolulu,21.30944444,-157.8737338,2018,Container TEUs,4.847859612,0.0,0.0,0.0,0.0,0.0,1272317.5,0.0,0.0,0.0,0.0,0.0,0.0,0.0,0.0,0.0,0.0,0.0,0.0,0.0,0.0,0.0,0.0,0.0,0.0,0.0,0.0
4420,Port of Honolulu,21.30944444,-157.8737338,2018,Container TEUs,7.315394959,0.0,0.0,0.0,0.0,0.0,0.0,0.0,303985.34,0.0,0.0,0.0,0.0,0.0,0.0,0.0,0.0,0.0,0.0,0.0,0.0,0.0,0.0,0.0,0.0,0.0,0.0
4420,Port of Honolulu,21.30944444,-157.8737338,2018,Container TEUs,8.729770465,0.0,464621.5,0.0,0.0,0.0,0.0,0.0,0.0,0.0,0.0,0.0,0.0,0.0,0.0,0.0,0.0,0.0,0.0,0.0,0.0,0.0,0.0,0.0,0.0,0.0,0.0
4420,Port of Honolulu,21.30944444,-157.8737338,2018,Short Tons,-100,0.0,0.0,0.0,0.0,0.0,0.0,0.0,0.0,0.0,0.0,0.0,0.0,0.0,0.0,0.0,0.0,0.0,0.0,0.0,0.0,0.0,0.0,0.0,0.0,0.0,0.0
4420,Port of Honolulu,21.30944444,-157.8737338,2018,Short Tons,-46.17414925,0.0,0.0,0.0,0.0,0.0,0.0,0.0,0.0,0.0,0.0,0.0,0.0,0.0,0.0,0.0,0.0,0.0,293662.0,0.0,0.0,0.0,0.0,0.0,0.0,0.0,0.0
4420,Port of Honolulu,21.30944444,-157.8737338,2018,Short Tons,2.241794173,0.0,0.0,0.0,0.0,0.0,0.0,0.0,0.0,0.0,0.0,0.0,0.0,0.0,0.0,0.0,0.0,13741975.0,0.0,0.0,0.0,0.0,0.0,0.0,0.0,0.0,0.0
4420,Port of Honolulu,21.30944444,-157.8737338,2018,Short Tons,2.678972091,0.0,0.0,0.0,0.0,0.0,0.0,0.0,0.0,0.0,0.0,0.0,0.0,0.0,0.0,0.0,0.0,0.0,0.0,0.0,0.0,15181890.0,0.0,0.0,0.0,0.0,0.0
4420,Port of Honolulu,21.30944444,-157.8737338,2018,Short Tons,2.848520894,0.0,0.0,0.0,0.0,0.0,0.0,0.0,0.0,0.0,0.0,0.0,9243012.0,0.0,0.0,0.0,0.0,0.0,0.0,0.0,0.0,0.0,0.0,0.0,0.0,0.0,0.0
4420,Port of Honolulu,21.30944444,-157.8737338,2018,Short Tons,3.700924285,0.0,0.0,0.0,0.0,0.0,0.0,0.0,0.0,0.0,0.0,0.0,0.0,0.0,0.0,0.0,9320665.0,0.0,0.0,0.0,0.0,0.0,0.0,0.0,0.0,0.0,0.0
4420,Port of Honolulu,21.30944444,-157.8737338,2018,Short Tons,"310,512",0.0,0.0,0.0,0.0,0.0,0.0,0.0,0.0,0.0,0.0,0.0,0.0,0.0,0.0,77653.0,0.0,0.0,0.0,0.0,0.0,0.0,0.0,0.0,0.0,0.0,0.0
4420,Port of Honolulu,21.30944444,-157.8737338,2018,Short Tons,43.36370072,0.0,0.0,0.0,0.0,0.0,0.0,0.0,0.0,0.0,0.0,0.0,0.0,0.0,0.0,0.0,0.0,0.0,0.0,0.0,1146253.0,0.0,0.0,0.0,0.0,0.0,0.0
4420,Port of Honolulu,21.30944444,-157.8737338,2018,Short Tons,"7,588.42",0.0,0.0,0.0,0.0,0.0,0.0,0.0,0.0,0.0,0.0,0.0,0.0,0.0,77653.0,0.0,0.0,0.0,0.0,0.0,0.0,0.0,0.0,0.0,0.0,0.0,0.0
4420,Port of Honolulu,21.30944444,-157.8737338,2018,Short Tons,7.047326633,0.0,0.0,0.0,0.0,0.0,0.0,0.0,0.0,0.0,0.0,0.0,0.0,0.0,0.0,0.0,0.0,0.0,0.0,1439915.0,0.0,0.0,0.0,0.0,0.0,0.0,0.0
4420,Port of Honolulu,21.30944444,-157.8737338,2018,Vessel Calls,-10.54421769,0.0,0.0,0.0,0.0,0.0,0.0,0.0,0.0,0.0,0.0,0.0,0.0,0.0,0.0,0.0,0.0,0.0,0.0,0.0,0.0,0.0,0.0,0.0,0.0,0.0,131.5
4420,Port of Honolulu,21.30944444,-157.8737338,2018,Vessel Calls,-6.9828722,0.0,0.0,0.0,0.0,0.0,0.0,0.0,0.0,0.0,0.0,0.0,0.0,0.0,0.0,0.0,0.0,0.0,0.0,0.0,0.0,0.0,353.0,0.0,0.0,0.0,0.0
4420,Port of Honolulu,21.30944444,-157.8737338,2018,Vessel Calls,1.531833413,0.0,0.0,0.0,0.0,0.0,0.0,0.0,0.0,0.0,0.0,0.0,0.0,0.0,0.0,0.0,0.0,0.0,0.0,0.0,0.0,0.0,0.0,0.0,1060.5,0.0,0.0
4420,Port of Honolulu,21.30944444,-157.8737338,2018,Vessel Calls,16.72025724,0.0,0.0,0.0,0.0,0.0,0.0,0.0,0.0,0.0,0.0,0.0,0.0,0.0,0.0,0.0,0.0,0.0,0.0,0.0,0.0,0.0,0.0,0.0,0.0,181.5,0.0
4420,Port of Honolulu,21.30944444,-157.8737338,2018,Vessel Calls,75,0.0,0.0,0.0,0.0,0.0,0.0,0.0,0.0,0.0,0.0,0.0,0.0,0.0,0.0,0.0,0.0,0.0,0.0,0.0,0.0,0.0,0.0,3.5,0.0,0.0,0.0
4722,Port of Seattle,47.60222222,-122.3597173,2015,Container TEUs,0,342260.0,240155.0,352180.0,469807.0,0.0,1404402.0,0.0,163616.0,518352.0,554596.0,1236564.0,0.0,0.0,0.0,0.0,0.0,0.0,0.0,0.0,0.0,0.0,0.0,0.0,0.0,0.0,0.0
4722,Port of Seattle,47.60222222,-122.3597173,2015,Short Tons,0,0.0,0.0,0.0,0.0,0.0,0.0,0.0,0.0,0.0,0.0,0.0,3497033.0,4243045.0,7807031.0,3563986.0,11304064.0,5540487.0,9104806.0,17066121.0,7961315.0,22606608.0,0.0,0.0,0.0,0.0,0.0
4722,Port of Seattle,47.60222222,-122.3597173,2016,Container TEUs,0,0.0,0.0,0.0,0.0,0.0,0.0,0.0,0.0,0.0,0.0,0.0,0.0,0.0,0.0,0.0,0.0,0.0,0.0,0.0,0.0,0.0,0.0,0.0,0.0,0.0,0.0
4722,Port of Seattle,47.60222222,-122.3597173,2016,Container TEUs,-3.153872368,0.0,0.0,0.0,0.0,0.0,0.0,0.0,0.0,0.0,537104.75,0.0,0.0,0.0,0.0,0.0,0.0,0.0,0.0,0.0,0.0,0.0,0.0,0.0,0.0,0.0,0.0
4722,Port of Seattle,47.60222222,-122.3597173,2016,Container TEUs,1.232204722,0.0,0.0,0.0,0.0,0.0,0.0,0.0,0.0,0.0,0.0,1251801.0,0.0,0.0,0.0,0.0,0.0,0.0,0.0,0.0,0.0,0.0,0.0,0.0,0.0,0.0,0.0
4722,Port of Seattle,47.60222222,-122.3597173,2016,Container TEUs,14.96343863,0.0,0.0,0.0,540106.28,0.0,0.0,0.0,0.0,0.0,0.0,0.0,0.0,0.0,0.0,0.0,0.0,0.0,0.0,0.0,0.0,0.0,0.0,0.0,0.0,0.0,0.0
4722,Port of Seattle,47.60222222,-122.3597173,2016,Container TEUs,3.933681168,0.0,0.0,0.0,0.0,0.0,1459646.7,0.0,0.0,0.0,0.0,0.0,0.0,0.0,0.0,0.0,0.0,0.0,0.0,0.0,0.0,0.0,0.0,0.0,0.0,0.0,0.0
4722,Port of Seattle,47.60222222,-122.3597173,2016,Container TEUs,4.793677848,0.0,0.0,0.0,0.0,0.0,0.0,0.0,0.0,543200.13,0.0,0.0,0.0,0.0,0.0,0.0,0.0,0.0,0.0,0.0,0.0,0.0,0.0,0.0,0.0,0.0,0.0
4722,Port of Seattle,47.60222222,-122.3597173,2016,Container TEUs,4.816250428,0.0,0.0,0.0,0.0,0.0,0.0,0.0,171496.16,0.0,0.0,0.0,0.0,0.0,0.0,0.0,0.0,0.0,0.0,0.0,0.0,0.0,0.0,0.0,0.0,0.0,0.0
4722,Port of Seattle,47.60222222,-122.3597173,2016,Container TEUs,50.40039462,0.0,361194.07,0.0,0.0,0.0,0.0,0.0,0.0,0.0,0.0,0.0,0.0,0.0,0.0,0.0,0.0,0.0,0.0,0.0,0.0,0.0,0.0,0.0,0.0,0.0,0.0
4722,Port of Seattle,47.60222222,-122.3597173,2016,Container TEUs,58.54004966,0.0,0.0,558346.35,0.0,0.0,0.0,0.0,0.0,0.0,0.0,0.0,0.0,0.0,0.0,0.0,0.0,0.0,0.0,0.0,0.0,0.0,0.0,0.0,0.0,0.0,0.0
4722,Port of Seattle,47.60222222,-122.3597173,2016,Short Tons,-4.561017872,0.0,0.0,0.0,0.0,0.0,0.0,0.0,0.0,0.0,0.0,0.0,0.0,0.0,0.0,0.0,0.0,0.0,0.0,0.0,7598198.0,0.0,0.0,0.0,0.0,0.0,0.0
4722,Port of Seattle,47.60222222,-122.3597173,2016,Short Tons,-5.600050056,0.0,0.0,0.0,0.0,0.0,0.0,0.0,0.0,0.0,0.0,0.0,0.0,0.0,0.0,3364401.0,0.0,0.0,0.0,0.0,0.0,0.0,0.0,0.0,0.0,0.0,0.0
4722,Port of Seattle,47.60222222,-122.3597173,2016,Short Tons,10.46543084,0.0,0.0,0.0,0.0,0.0,0.0,0.0,0.0,0.0,0.0,0.0,0.0,0.0,0.0,0.0,12487083.0,0.0,0.0,0.0,0.0,0.0,0.0,0.0,0.0,0.0,0.0
4722,Port of Seattle,47.60222222,-122.3597173,2016,Short Tons,12.96241787,0.0,0.0,0.0,0.0,0.0,0.0,0.0,0.0,0.0,0.0,0.0,0.0,0.0,0.0,0.0,0.0,0.0,10285009.0,0.0,0.0,0.0,0.0,0.0,0.0,0.0,0.0
4722,Port of Seattle,47.60222222,-122.3597173,2016,Short Tons,14.08387025,0.0,0.0,0.0,0.0,0.0,0.0,0.0,0.0,0.0,0.0,0.0,0.0,0.0,0.0,0.0,0.0,6320802.0,0.0,0.0,0.0,0.0,0.0,0.0,0.0,0.0,0.0
4722,Port of Seattle,47.60222222,-122.3597173,2016,Short Tons,16.76637886,0.0,0.0,0.0,0.0,0.0,0.0,0.0,0.0,0.0,0.0,0.0,0.0,4954450.0,0.0,0.0,0.0,0.0,0.0,0.0,0.0,0.0,0.0,0.0,0.0,0.0,0.0
4722,Port of Seattle,47.60222222,-122.3597173,2016,Short Tons,19.19341339,0.0,0.0,0.0,0.0,0.0,0.0,0.0,0.0,0.0,0.0,0.0,4168233.0,0.0,0.0,0.0,0.0,0.0,0.0,0.0,0.0,0.0,0.0,0.0,0.0,0.0,0.0
4722,Port of Seattle,47.60222222,-122.3597173,2016,Short Tons,4.787766359,0.0,0.0,0.0,0.0,0.0,0.0,0.0,0.0,0.0,0.0,0.0,0.0,0.0,0.0,0.0,0.0,0.0,0.0,17883207.0,0.0,0.0,0.0,0.0,0.0,0.0,0.0
4722,Port of Seattle,47.60222222,-122.3597173,2016,Short Tons,6.555872521,0.0,0.0,0.0,0.0,0.0,0.0,0.0,0.0,0.0,0.0,0.0,0.0,0.0,8318850.0,0.0,0.0,0.0,0.0,0.0,0.0,0.0,0.0,0.0,0.0,0.0,0.0
4722,Port of Seattle,47.60222222,-122.3597173,2016,Short Tons,7.066079971,0.0,0.0,0.0,0.0,0.0,0.0,0.0,0.0,0.0,0.0,0.0,0.0,0.0,0.0,0.0,0.0,0.0,0.0,0.0,0.0,24204009.0,0.0,0.0,0.0,0.0,0.0
4722,Port of Seattle,47.60222222,-122.3597173,2017,Container TEUs,0,0.0,0.0,0.0,0.0,0.0,0.0,0.0,0.0,0.0,0.0,0.0,0.0,0.0,0.0,0.0,0.0,0.0,0.0,0.0,0.0,0.0,0.0,0.0,0.0,0.0,0.0
4722,Port of Seattle,47.60222222,-122.3597173,2017,Container TEUs,-17.0847306,0.0,0.0,0.0,0.0,0.0,0.0,0.0,142196.5,0.0,0.0,0.0,0.0,0.0,0.0,0.0,0.0,0.0,0.0,0.0,0.0,0.0,0.0,0.0,0.0,0.0,0.0
4722,Port of Seattle,47.60222222,-122.3597173,2017,Container TEUs,15.81788959,0.0,0.0,0.0,0.0,0.0,1690532.0,0.0,0.0,0.0,0.0,0.0,0.0,0.0,0.0,0.0,0.0,0.0,0.0,0.0,0.0,0.0,0.0,0.0,0.0,0.0,0.0
4722,Port of Seattle,47.60222222,-122.3597173,2017,Container TEUs,18.6930366,0.0,0.0,0.0,0.0,0.0,0.0,0.0,0.0,0.0,637505.94,0.0,0.0,0.0,0.0,0.0,0.0,0.0,0.0,0.0,0.0,0.0,0.0,0.0,0.0,0.0,0.0
4722,Port of Seattle,47.60222222,-122.3597173,2017,Container TEUs,20.56978813,0.0,0.0,0.0,651205.0,0.0,0.0,0.0,0.0,0.0,0.0,0.0,0.0,0.0,0.0,0.0,0.0,0.0,0.0,0.0,0.0,0.0,0.0,0.0,0.0,0.0,0.0
4722,Port of Seattle,47.60222222,-122.3597173,2017,Container TEUs,22.37271858,0.0,442003.0,0.0,0.0,0.0,0.0,0.0,0.0,0.0,0.0,0.0,0.0,0.0,0.0,0.0,0.0,0.0,0.0,0.0,0.0,0.0,0.0,0.0,0.0,0.0,0.0
4722,Port of Seattle,47.60222222,-122.3597173,2017,Container TEUs,3.216275493,0.0,0.0,0.0,0.0,0.0,0.0,0.0,0.0,560670.94,0.0,0.0,0.0,0.0,0.0,0.0,0.0,0.0,0.0,0.0,0.0,0.0,0.0,0.0,0.0,0.0,0.0
4722,Port of Seattle,47.60222222,-122.3597173,2017,Container TEUs,6.980909487,0.0,0.0,597324.0,0.0,0.0,0.0,0.0,0.0,0.0,0.0,0.0,0.0,0.0,0.0,0.0,0.0,0.0,0.0,0.0,0.0,0.0,0.0,0.0,0.0,0.0,0.0
4722,Port of Seattle,47.60222222,-122.3597173,2017,Container TEUs,7.075595482,0.0,0.0,0.0,0.0,0.0,0.0,0.0,0.0,0.0,0.0,1340373.38,0.0,0.0,0.0,0.0,0.0,0.0,0.0,0.0,0.0,0.0,0.0,0.0,0.0,0.0,0.0
4722,Port of Seattle,47.60222222,-122.3597173,2017,Short Tons,-0.653071037,0.0,0.0,0.0,0.0,0.0,0.0,0.0,0.0,0.0,0.0,0.0,0.0,0.0,8264522.0,0.0,0.0,0.0,0.0,0.0,0.0,0.0,0.0,0.0,0.0,0.0,0.0
4722,Port of Seattle,47.60222222,-122.3597173,2017,Short Tons,-3.813056949,0.0,0.0,0.0,0.0,0.0,0.0,0.0,0.0,0.0,0.0,0.0,0.0,4765534.0,0.0,0.0,0.0,0.0,0.0,0.0,0.0,0.0,0.0,0.0,0.0,0.0,0.0
4722,Port of Seattle,47.60222222,-122.3597173,2017,Short Tons,-8.193722885,0.0,0.0,0.0,0.0,0.0,0.0,0.0,0.0,0.0,0.0,0.0,0.0,0.0,0.0,0.0,0.0,5802893.0,0.0,0.0,0.0,0.0,0.0,0.0,0.0,0.0,0.0
4722,Port of Seattle,47.60222222,-122.3597173,2017,Short Tons,1.167466164,0.0,0.0,0.0,0.0,0.0,0.0,0.0,0.0,0.0,0.0,0.0,0.0,0.0,0.0,0.0,0.0,0.0,10405083.0,0.0,0.0,0.0,0.0,0.0,0.0,0.0,0.0
4722,Port of Seattle,47.60222222,-122.3597173,2017,Short Tons,1.329597953,0.0,0.0,0.0,0.0,0.0,0.0,0.0,0.0,0.0,0.0,0.0,0.0,0.0,0.0,0.0,12653111.0,0.0,0.0,0.0,0.0,0.0,0.0,0.0,0.0,0.0,0.0
4722,Port of Seattle,47.60222222,-122.3597173,2017,Short Tons,18.43102799,0.0,0.0,0.0,0.0,0.0,0.0,0.0,0.0,0.0,0.0,0.0,0.0,0.0,0.0,0.0,0.0,0.0,0.0,0.0,8998624.0,0.0,0.0,0.0,0.0,0.0,0.0
4722,Port of Seattle,47.60222222,-122.3597173,2017,Short Tons,4.000325764,0.0,0.0,0.0,0.0,0.0,0.0,0.0,0.0,0.0,0.0,0.0,0.0,0.0,0.0,3498988.0,0.0,0.0,0.0,0.0,0.0,0.0,0.0,0.0,0.0,0.0,0.0
4722,Port of Seattle,47.60222222,-122.3597173,2017,Short Tons,4.142251806,0.0,0.0,0.0,0.0,0.0,0.0,0.0,0.0,0.0,0.0,0.0,0.0,0.0,0.0,0.0,0.0,0.0,0.0,0.0,0.0,25206600.0,0.0,0.0,0.0,0.0,0.0
4722,Port of Seattle,47.60222222,-122.3597173,2017,Short Tons,5.286556678,0.0,0.0,0.0,0.0,0.0,0.0,0.0,0.0,0.0,0.0,0.0,4388589.0,0.0,0.0,0.0,0.0,0.0,0.0,0.0,0.0,0.0,0.0,0.0,0.0,0.0,0.0
4722,Port of Seattle,47.60222222,-122.3597173,2017,Short Tons,8.50238998,0.0,0.0,0.0,0.0,0.0,0.0,0.0,0.0,0.0,0.0,0.0,0.0,0.0,0.0,0.0,0.0,0.0,0.0,19403707.0,0.0,0.0,0.0,0.0,0.0,0.0,0.0
4722,Port of Seattle,47.60222222,-122.3597173,2018,Container TEUs,0,0.0,0.0,0.0,0.0,0.0,0.0,0.0,0.0,0.0,0.0,0.0,0.0,0.0,0.0,0.0,0.0,0.0,0.0,0.0,0.0,0.0,0.0,0.0,0.0,0.0,0.0
4722,Port of Seattle,47.60222222,-122.3597173,2018,Container TEUs,-2.604524601,0.0,0.0,0.0,0.0,0.0,0.0,0.0,0.0,546068.13,0.0,0.0,0.0,0.0,0.0,0.0,0.0,0.0,0.0,0.0,0.0,0.0,0.0,0.0,0.0,0.0,0.0
4722,Port of Seattle,47.60222222,-122.3597173,2018,Container TEUs,-6.493963075,0.0,0.0,558534.0,0.0,0.0,0.0,0.0,0.0,0.0,0.0,0.0,0.0,0.0,0.0,0.0,0.0,0.0,0.0,0.0,0.0,0.0,0.0,0.0,0.0,0.0,0.0
4722,Port of Seattle,47.60222222,-122.3597173,2018,Container TEUs,10.0828342,0.0,0.0,0.0,0.0,0.0,0.0,0.0,0.0,0.0,0.0,1475521.0,0.0,0.0,0.0,0.0,0.0,0.0,0.0,0.0,0.0,0.0,0.0,0.0,0.0,0.0,0.0
4722,Port of Seattle,47.60222222,-122.3597173,2018,Container TEUs,12.64429856,0.0,0.0,0.0,0.0,0.0,0.0,0.0,160176.25,0.0,0.0,0.0,0.0,0.0,0.0,0.0,0.0,0.0,0.0,0.0,0.0,0.0,0.0,0.0,0.0,0.0,0.0
4722,Port of Seattle,47.60222222,-122.3597173,2018,Container TEUs,16.30346819,0.0,0.0,0.0,757374.0,0.0,0.0,0.0,0.0,0.0,0.0,0.0,0.0,0.0,0.0,0.0,0.0,0.0,0.0,0.0,0.0,0.0,0.0,0.0,0.0,0.0,0.0
4722,Port of Seattle,47.60222222,-122.3597173,2018,Container TEUs,20.66972906,0.0,0.0,0.0,0.0,0.0,0.0,0.0,0.0,0.0,769276.69,0.0,0.0,0.0,0.0,0.0,0.0,0.0,0.0,0.0,0.0,0.0,0.0,0.0,0.0,0.0,0.0
4722,Port of Seattle,47.60222222,-122.3597173,2018,Container TEUs,5.542278999,0.0,0.0,0.0,0.0,0.0,1784226.0,0.0,0.0,0.0,0.0,0.0,0.0,0.0,0.0,0.0,0.0,0.0,0.0,0.0,0.0,0.0,0.0,0.0,0.0,0.0,0.0
4722,Port of Seattle,47.60222222,-122.3597173,2018,Container TEUs,5.953579501,0.0,468318.0,0.0,0.0,0.0,0.0,0.0,0.0,0.0,0.0,0.0,0.0,0.0,0.0,0.0,0.0,0.0,0.0,0.0,0.0,0.0,0.0,0.0,0.0,0.0,0.0
4722,Port of Seattle,47.60222222,-122.3597173,2018,Short Tons,-1.228245849,0.0,0.0,0.0,0.0,0.0,0.0,0.0,0.0,0.0,0.0,0.0,0.0,0.0,0.0,0.0,0.0,0.0,10277283.0,0.0,0.0,0.0,0.0,0.0,0.0,0.0,0.0
4722,Port of Seattle,47.60222222,-122.3597173,2018,Short Tons,-2.770135517,0.0,0.0,0.0,0.0,0.0,0.0,0.0,0.0,0.0,0.0,0.0,0.0,0.0,0.0,0.0,0.0,5642145.0,0.0,0.0,0.0,0.0,0.0,0.0,0.0,0.0,0.0
4722,Port of Seattle,47.60222222,-122.3597173,2018,Short Tons,1.552040128,0.0,0.0,0.0,0.0,0.0,0.0,0.0,0.0,0.0,0.0,0.0,0.0,4839497.0,0.0,0.0,0.0,0.0,0.0,0.0,0.0,0.0,0.0,0.0,0.0,0.0,0.0
4722,Port of Seattle,47.60222222,-122.3597173,2018,Short Tons,12.53570546,0.0,0.0,0.0,0.0,0.0,0.0,0.0,0.0,0.0,0.0,0.0,0.0,0.0,0.0,0.0,0.0,0.0,0.0,0.0,10126665.0,0.0,0.0,0.0,0.0,0.0,0.0
4722,Port of Seattle,47.60222222,-122.3597173,2018,Short Tons,2.654128091,0.0,0.0,0.0,0.0,0.0,0.0,0.0,0.0,0.0,0.0,0.0,0.0,0.0,8483873.0,0.0,0.0,0.0,0.0,0.0,0.0,0.0,0.0,0.0,0.0,0.0,0.0
4722,Port of Seattle,47.60222222,-122.3597173,2018,Short Tons,3.330449168,0.0,0.0,0.0,0.0,0.0,0.0,0.0,0.0,0.0,0.0,0.0,0.0,0.0,0.0,0.0,0.0,0.0,0.0,0.0,0.0,26046093.0,0.0,0.0,0.0,0.0,0.0
4722,Port of Seattle,47.60222222,-122.3597173,2018,Short Tons,4.005750048,0.0,0.0,0.0,0.0,0.0,0.0,0.0,0.0,0.0,0.0,0.0,0.0,0.0,0.0,0.0,13159963.0,0.0,0.0,0.0,0.0,0.0,0.0,0.0,0.0,0.0,0.0
4722,Port of Seattle,47.60222222,-122.3597173,2018,Short Tons,4.155144287,0.0,0.0,0.0,0.0,0.0,0.0,0.0,0.0,0.0,0.0,0.0,0.0,0.0,0.0,3644376.0,0.0,0.0,0.0,0.0,0.0,0.0,0.0,0.0,0.0,0.0,0.0
4722,Port of Seattle,47.60222222,-122.3597173,2018,Short Tons,5.154896433,0.0,0.0,0.0,0.0,0.0,0.0,0.0,0.0,0.0,0.0,0.0,0.0,0.0,0.0,0.0,0.0,0.0,0.0,20403948.0,0.0,0.0,0.0,0.0,0.0,0.0,0.0
4722,Port of Seattle,47.60222222,-122.3597173,2018,Short Tons,6.551103327,0.0,0.0,0.0,0.0,0.0,0.0,0.0,0.0,0.0,0.0,0.0,4676090.0,0.0,0.0,0.0,0.0,0.0,0.0,0.0,0.0,0.0,0.0,0.0,0.0,0.0,0.0
4722,Port of Seattle,47.60222222,-122.3597173,2018,Vessel Calls,-1.960784314,0.0,0.0,0.0,0.0,0.0,0.0,0.0,0.0,0.0,0.0,0.0,0.0,0.0,0.0,0.0,0.0,0.0,0.0,0.0,0.0,0.0,0.0,100.0,0.0,0.0,0.0
4722,Port of Seattle,47.60222222,-122.3597173,2018,Vessel Calls,-38.22222222,0.0,0.0,0.0,0.0,0.0,0.0,0.0,0.0,0.0,0.0,0.0,0.0,0.0,0.0,0.0,0.0,0.0,0.0,0.0,0.0,0.0,0.0,0.0,0.0,0.0,208.5
4722,Port of Seattle,47.60222222,-122.3597173,2018,Vessel Calls,11.30434783,0.0,0.0,0.0,0.0,0.0,0.0,0.0,0.0,0.0,0.0,0.0,0.0,0.0,0.0,0.0,0.0,0.0,0.0,0.0,0.0,0.0,0.0,0.0,0.0,64.0,0.0
4722,Port of Seattle,47.60222222,-122.3597173,2018,Vessel Calls,15.8392435,0.0,0.0,0.0,0.0,0.0,0.0,0.0,0.0,0.0,0.0,0.0,0.0,0.0,0.0,0.0,0.0,0.0,0.0,0.0,0.0,0.0,490.0,0.0,0.0,0.0,0.0
4722,Port of Seattle,47.60222222,-122.3597173,2018,Vessel Calls,6.186685962,0.0,0.0,0.0,0.0,0.0,0.0,0.0,0.0,0.0,0.0,0.0,0.0,0.0,0.0,0.0,0.0,0.0,0.0,0.0,0.0,0.0,0.0,0.0,1467.5,0.0,0.0
4820,Port of Anchorage,61.23555556,-149.8877503,2015,Container TEUs,0,0.0,191396.0,38998.0,255129.0,0.0,485523.0,0.0,40624.0,75627.0,244903.0,361154.0,0.0,0.0,0.0,0.0,0.0,0.0,0.0,0.0,0.0,0.0,0.0,0.0,0.0,0.0,0.0
4820,Port of Anchorage,61.23555556,-149.8877503,2015,Short Tons,0,0.0,0.0,0.0,0.0,0.0,0.0,0.0,0.0,0.0,0.0,0.0,107854.0,0.0,166093.0,166093.0,273947.0,2527408.0,11511.0,1013197.0,1001686.0,3540605.0,0.0,0.0,0.0,0.0,0.0
4820,Port of Anchorage,61.23555556,-149.8877503,2016,Container TEUs,0,0.0,0.0,0.0,0.0,0.0,0.0,0.0,0.0,0.0,0.0,0.0,0.0,0.0,0.0,0.0,0.0,0.0,0.0,0.0,0.0,0.0,0.0,0.0,0.0,0.0,0.0
4820,Port of Anchorage,61.23555556,-149.8877503,2016,Container TEUs,-16.02295729,0.0,0.0,0.0,0.0,0.0,0.0,0.0,0.0,0.0,205662.3,0.0,0.0,0.0,0.0,0.0,0.0,0.0,0.0,0.0,0.0,0.0,0.0,0.0,0.0,0.0,0.0
4820,Port of Anchorage,61.23555556,-149.8877503,2016,Container TEUs,-2.913853999,0.0,185819.0,0.0,0.0,0.0,0.0,0.0,0.0,0.0,0.0,0.0,0.0,0.0,0.0,0.0,0.0,0.0,0.0,0.0,0.0,0.0,0.0,0.0,0.0,0.0,0.0
4820,Port of Anchorage,61.23555556,-149.8877503,2016,Container TEUs,-2.957017484,0.0,0.0,0.0,0.0,0.0,471166.0,0.0,0.0,0.0,0.0,0.0,0.0,0.0,0.0,0.0,0.0,0.0,0.0,0.0,0.0,0.0,0.0,0.0,0.0,0.0,0.0
4820,Port of Anchorage,61.23555556,-149.8877503,2016,Container TEUs,-4.049324067,0.0,0.0,0.0,244798.0,0.0,0.0,0.0,0.0,0.0,0.0,0.0,0.0,0.0,0.0,0.0,0.0,0.0,0.0,0.0,0.0,0.0,0.0,0.0,0.0,0.0,0.0
4820,Port of Anchorage,61.23555556,-149.8877503,2016,Container TEUs,-5.893459836,0.0,0.0,0.0,0.0,0.0,0.0,0.0,0.0,71169.95,0.0,0.0,0.0,0.0,0.0,0.0,0.0,0.0,0.0,0.0,0.0,0.0,0.0,0.0,0.0,0.0,0.0
4820,Port of Anchorage,61.23555556,-149.8877503,2016,Container TEUs,-7.271845944,0.0,0.0,0.0,0.0,0.0,0.0,0.0,0.0,0.0,0.0,334891.44,0.0,0.0,0.0,0.0,0.0,0.0,0.0,0.0,0.0,0.0,0.0,0.0,0.0,0.0,0.0
4820,Port of Anchorage,61.23555556,-149.8877503,2016,Container TEUs,3.977127032,0.0,0.0,40549.0,0.0,0.0,0.0,0.0,0.0,0.0,0.0,0.0,0.0,0.0,0.0,0.0,0.0,0.0,0.0,0.0,0.0,0.0,0.0,0.0,0.0,0.0,0.0
4820,Port of Anchorage,61.23555556,-149.8877503,2016,Container TEUs,42.91846992,0.0,0.0,0.0,0.0,0.0,0.0,0.0,58059.2,0.0,0.0,0.0,0.0,0.0,0.0,0.0,0.0,0.0,0.0,0.0,0.0,0.0,0.0,0.0,0.0,0.0,0.0
4820,Port of Anchorage,61.23555556,-149.8877503,2016,Short Tons,0,0.0,0.0,0.0,0.0,0.0,0.0,0.0,0.0,0.0,0.0,0.0,0.0,0.0,0.0,0.0,0.0,0.0,0.0,0.0,0.0,0.0,0.0,0.0,0.0,0.0,0.0
4820,Port of Anchorage,61.23555556,-149.8877503,2016,Short Tons,-10.10739066,0.0,0.0,0.0,0.0,0.0,0.0,0.0,0.0,0.0,0.0,0.0,0.0,0.0,0.0,0.0,0.0,2271953.0,0.0,0.0,0.0,0.0,0.0,0.0,0.0,0.0,0.0
4820,Port of Anchorage,61.23555556,-149.8877503,2016,Short Tons,-10.15539526,0.0,0.0,0.0,0.0,0.0,0.0,0.0,0.0,0.0,0.0,0.0,96901.0,0.0,0.0,0.0,0.0,0.0,0.0,0.0,0.0,0.0,0.0,0.0,0.0,0.0,0.0
4820,Port of Anchorage,61.23555556,-149.8877503,2016,Short Tons,-17.60011973,0.0,0.0,0.0,0.0,0.0,0.0,0.0,0.0,0.0,0.0,0.0,0.0,0.0,0.0,0.0,225732.0,0.0,0.0,0.0,0.0,0.0,0.0,0.0,0.0,0.0,0.0
4820,Port of Anchorage,61.23555556,-149.8877503,2016,Short Tons,-22.43441927,0.0,0.0,0.0,0.0,0.0,0.0,0.0,0.0,0.0,0.0,0.0,0.0,0.0,128831.0,128831.0,0.0,0.0,0.0,0.0,0.0,0.0,0.0,0.0,0.0,0.0,0.0
4820,Port of Anchorage,61.23555556,-149.8877503,2016,Short Tons,-53.6443402,0.0,0.0,0.0,0.0,0.0,0.0,0.0,0.0,0.0,0.0,0.0,0.0,0.0,0.0,0.0,0.0,0.0,5336.0,0.0,0.0,0.0,0.0,0.0,0.0,0.0,0.0
4820,Port of Anchorage,61.23555556,-149.8877503,2016,Short Tons,-6.374652336,0.0,0.0,0.0,0.0,0.0,0.0,0.0,0.0,0.0,0.0,0.0,0.0,0.0,0.0,0.0,0.0,0.0,0.0,0.0,937832.0,0.0,0.0,0.0,0.0,0.0,0.0
4820,Port of Anchorage,61.23555556,-149.8877503,2016,Short Tons,-6.911686474,0.0,0.0,0.0,0.0,0.0,0.0,0.0,0.0,0.0,0.0,0.0,0.0,0.0,0.0,0.0,0.0,0.0,0.0,943168.0,0.0,0.0,0.0,0.0,0.0,0.0,0.0
4820,Port of Anchorage,61.23555556,-149.8877503,2016,Short Tons,-9.192892175,0.0,0.0,0.0,0.0,0.0,0.0,0.0,0.0,0.0,0.0,0.0,0.0,0.0,0.0,0.0,0.0,0.0,0.0,0.0,0.0,3215121.0,0.0,0.0,0.0,0.0,0.0
4820,Port of Anchorage,61.23555556,-149.8877503,2017,Container TEUs,0,0.0,0.0,0.0,0.0,0.0,0.0,0.0,0.0,0.0,0.0,0.0,0.0,0.0,0.0,0.0,0.0,0.0,0.0,0.0,0.0,0.0,0.0,0.0,0.0,0.0,0.0
4820,Port of Anchorage,61.23555556,-149.8877503,2017,Container TEUs,-0.579803648,0.0,0.0,0.0,0.0,0.0,0.0,0.0,0.0,0.0,204469.86,0.0,0.0,0.0,0.0,0.0,0.0,0.0,0.0,0.0,0.0,0.0,0.0,0.0,0.0,0.0,0.0
4820,Port of Anchorage,61.23555556,-149.8877503,2017,Container TEUs,-2.216744821,0.0,0.0,0.0,0.0,0.0,0.0,0.0,0.0,69592.3,0.0,0.0,0.0,0.0,0.0,0.0,0.0,0.0,0.0,0.0,0.0,0.0,0.0,0.0,0.0,0.0,0.0
4820,Port of Anchorage,61.23555556,-149.8877503,2017,Container TEUs,-2.225967069,0.0,0.0,0.0,0.0,0.0,460678.0,0.0,0.0,0.0,0.0,0.0,0.0,0.0,0.0,0.0,0.0,0.0,0.0,0.0,0.0,0.0,0.0,0.0,0.0,0.0,0.0
4820,Port of Anchorage,61.23555556,-149.8877503,2017,Container TEUs,-5.879377243,0.0,174894.0,0.0,0.0,0.0,0.0,0.0,0.0,0.0,0.0,0.0,0.0,0.0,0.0,0.0,0.0,0.0,0.0,0.0,0.0,0.0,0.0,0.0,0.0,0.0,0.0
4820,Port of Anchorage,61.23555556,-149.8877503,2017,Container TEUs,0.08384917,0.0,0.0,40583.0,0.0,0.0,0.0,0.0,0.0,0.0,0.0,0.0,0.0,0.0,0.0,0.0,0.0,0.0,0.0,0.0,0.0,0.0,0.0,0.0,0.0,0.0,0.0
4820,Port of Anchorage,61.23555556,-149.8877503,2017,Container TEUs,0.164625528,0.0,0.0,0.0,245201.0,0.0,0.0,0.0,0.0,0.0,0.0,0.0,0.0,0.0,0.0,0.0,0.0,0.0,0.0,0.0,0.0,0.0,0.0,0.0,0.0,0.0,0.0
4820,Port of Anchorage,61.23555556,-149.8877503,2017,Container TEUs,1.787986144,0.0,0.0,0.0,0.0,0.0,0.0,0.0,0.0,0.0,0.0,340879.25,0.0,0.0,0.0,0.0,0.0,0.0,0.0,0.0,0.0,0.0,0.0,0.0,0.0,0.0,0.0
4820,Port of Anchorage,61.23555556,-149.8877503,2017,Container TEUs,15.0844353,0.0,0.0,0.0,0.0,0.0,0.0,0.0,66817.1,0.0,0.0,0.0,0.0,0.0,0.0,0.0,0.0,0.0,0.0,0.0,0.0,0.0,0.0,0.0,0.0,0.0,0.0
4820,Port of Anchorage,61.23555556,-149.8877503,2017,Short Tons,0,0.0,0.0,0.0,0.0,0.0,0.0,0.0,0.0,0.0,0.0,0.0,0.0,0.0,0.0,0.0,0.0,0.0,0.0,0.0,0.0,0.0,0.0,0.0,0.0,0.0,0.0
4820,Port of Anchorage,61.23555556,-149.8877503,2017,Short Tons,-24.93532153,0.0,0.0,0.0,0.0,0.0,0.0,0.0,0.0,0.0,0.0,0.0,0.0,0.0,0.0,0.0,169445.0,0.0,0.0,0.0,0.0,0.0,0.0,0.0,0.0,0.0,0.0
4820,Port of Anchorage,61.23555556,-149.8877503,2017,Short Tons,-3.968999288,0.0,0.0,0.0,0.0,0.0,0.0,0.0,0.0,0.0,0.0,0.0,93055.0,0.0,0.0,0.0,0.0,0.0,0.0,0.0,0.0,0.0,0.0,0.0,0.0,0.0,0.0
4820,Port of Anchorage,61.23555556,-149.8877503,2017,Short Tons,-38.90554723,0.0,0.0,0.0,0.0,0.0,0.0,0.0,0.0,0.0,0.0,0.0,0.0,0.0,0.0,0.0,0.0,0.0,3260.0,0.0,0.0,0.0,0.0,0.0,0.0,0.0,0.0
4820,Port of Anchorage,61.23555556,-149.8877503,2017,Short Tons,-40.70526504,0.0,0.0,0.0,0.0,0.0,0.0,0.0,0.0,0.0,0.0,0.0,0.0,0.0,76390.0,76390.0,0.0,0.0,0.0,0.0,0.0,0.0,0.0,0.0,0.0,0.0,0.0
4820,Port of Anchorage,61.23555556,-149.8877503,2017,Short Tons,0.010920642,0.0,0.0,0.0,0.0,0.0,0.0,0.0,0.0,0.0,0.0,0.0,0.0,0.0,0.0,0.0,0.0,0.0,0.0,943271.0,0.0,0.0,0.0,0.0,0.0,0.0,0.0
4820,Port of Anchorage,61.23555556,-149.8877503,2017,Short Tons,0.232344386,0.0,0.0,0.0,0.0,0.0,0.0,0.0,0.0,0.0,0.0,0.0,0.0,0.0,0.0,0.0,0.0,0.0,0.0,0.0,940011.0,0.0,0.0,0.0,0.0,0.0,0.0
4820,Port of Anchorage,61.23555556,-149.8877503,2017,Short Tons,2.572407073,0.0,0.0,0.0,0.0,0.0,0.0,0.0,0.0,0.0,0.0,0.0,0.0,0.0,0.0,0.0,0.0,0.0,0.0,0.0,0.0,3297827.0,0.0,0.0,0.0,0.0,0.0
4820,Port of Anchorage,61.23555556,-149.8877503,2017,Short Tons,3.635770634,0.0,0.0,0.0,0.0,0.0,0.0,0.0,0.0,0.0,0.0,0.0,0.0,0.0,0.0,0.0,0.0,2354556.0,0.0,0.0,0.0,0.0,0.0,0.0,0.0,0.0,0.0
4820,Port of Anchorage,61.23555556,-149.8877503,2018,Container TEUs,0,0.0,0.0,0.0,0.0,0.0,0.0,0.0,0.0,0.0,0.0,0.0,0.0,0.0,0.0,0.0,0.0,0.0,0.0,0.0,0.0,0.0,0.0,0.0,0.0,0.0,0.0
4820,Port of Anchorage,61.23555556,-149.8877503,2018,Container TEUs,-1.601655866,0.0,0.0,39933.0,0.0,0.0,0.0,0.0,0.0,0.0,0.0,0.0,0.0,0.0,0.0,0.0,0.0,0.0,0.0,0.0,0.0,0.0,0.0,0.0,0.0,0.0,0.0
4820,Port of Anchorage,61.23555556,-149.8877503,2018,Container TEUs,-14.60198749,0.0,149356.0,0.0,0.0,0.0,0.0,0.0,0.0,0.0,0.0,0.0,0.0,0.0,0.0,0.0,0.0,0.0,0.0,0.0,0.0,0.0,0.0,0.0,0.0,0.0,0.0
4820,Port of Anchorage,61.23555556,-149.8877503,2018,Container TEUs,-4.065239799,0.0,0.0,0.0,0.0,0.0,0.0,0.0,0.0,66763.2,0.0,0.0,0.0,0.0,0.0,0.0,0.0,0.0,0.0,0.0,0.0,0.0,0.0,0.0,0.0,0.0,0.0
4820,Port of Anchorage,61.23555556,-149.8877503,2018,Container TEUs,-5.592843591,0.0,0.0,0.0,0.0,0.0,434913.0,0.0,0.0,0.0,0.0,0.0,0.0,0.0,0.0,0.0,0.0,0.0,0.0,0.0,0.0,0.0,0.0,0.0,0.0,0.0,0.0
4820,Port of Anchorage,61.23555556,-149.8877503,2018,Container TEUs,0.172511531,0.0,0.0,0.0,245624.0,0.0,0.0,0.0,0.0,0.0,0.0,0.0,0.0,0.0,0.0,0.0,0.0,0.0,0.0,0.0,0.0,0.0,0.0,0.0,0.0,0.0,0.0
4820,Port of Anchorage,61.23555556,-149.8877503,2018,Container TEUs,1.455073872,0.0,0.0,0.0,0.0,0.0,0.0,0.0,0.0,0.0,207445.05,0.0,0.0,0.0,0.0,0.0,0.0,0.0,0.0,0.0,0.0,0.0,0.0,0.0,0.0,0.0,0.0
4820,Port of Anchorage,61.23555556,-149.8877503,2018,Container TEUs,12.56608965,0.0,0.0,0.0,0.0,0.0,0.0,0.0,75213.4,0.0,0.0,0.0,0.0,0.0,0.0,0.0,0.0,0.0,0.0,0.0,0.0,0.0,0.0,0.0,0.0,0.0,0.0
4820,Port of Anchorage,61.23555556,-149.8877503,2018,Container TEUs,2.505991872,0.0,0.0,0.0,0.0,0.0,0.0,0.0,0.0,0.0,0.0,349421.66,0.0,0.0,0.0,0.0,0.0,0.0,0.0,0.0,0.0,0.0,0.0,0.0,0.0,0.0,0.0
4820,Port of Anchorage,61.23555556,-149.8877503,2018,Short Tons,0,0.0,0.0,0.0,0.0,0.0,0.0,0.0,0.0,0.0,0.0,0.0,0.0,61075.0,0.0,0.0,0.0,0.0,0.0,0.0,0.0,0.0,0.0,0.0,0.0,0.0,0.0
4820,Port of Anchorage,61.23555556,-149.8877503,2018,Short Tons,-1.379029282,0.0,0.0,0.0,0.0,0.0,0.0,0.0,0.0,0.0,0.0,0.0,0.0,0.0,0.0,0.0,0.0,0.0,0.0,0.0,0.0,3252349.0,0.0,0.0,0.0,0.0,0.0
4820,Port of Anchorage,61.23555556,-149.8877503,2018,Short Tons,-10.38798822,0.0,0.0,0.0,0.0,0.0,0.0,0.0,0.0,0.0,0.0,0.0,0.0,0.0,0.0,0.0,0.0,2109965.0,0.0,0.0,0.0,0.0,0.0,0.0,0.0,0.0,0.0
4820,Port of Anchorage,61.23555556,-149.8877503,2018,Short Tons,-66.69281608,0.0,0.0,0.0,0.0,0.0,0.0,0.0,0.0,0.0,0.0,0.0,30994.0,0.0,0.0,0.0,0.0,0.0,0.0,0.0,0.0,0.0,0.0,0.0,0.0,0.0,0.0
4820,Port of Anchorage,61.23555556,-149.8877503,2018,Short Tons,13.878561,0.0,0.0,0.0,0.0,0.0,0.0,0.0,0.0,0.0,0.0,0.0,0.0,0.0,0.0,0.0,0.0,0.0,0.0,0.0,1070471.0,0.0,0.0,0.0,0.0,0.0,0.0
4820,Port of Anchorage,61.23555556,-149.8877503,2018,Short Tons,152.678361,0.0,0.0,0.0,0.0,0.0,0.0,0.0,0.0,0.0,0.0,0.0,0.0,0.0,193021.0,0.0,0.0,0.0,0.0,0.0,0.0,0.0,0.0,0.0,0.0,0.0,0.0
4820,Port of Anchorage,61.23555556,-149.8877503,2018,Short Tons,"2,105.92",0.0,0.0,0.0,0.0,0.0,0.0,0.0,0.0,0.0,0.0,0.0,0.0,0.0,0.0,0.0,0.0,0.0,71913.0,0.0,0.0,0.0,0.0,0.0,0.0,0.0,0.0
4820,Port of Anchorage,61.23555556,-149.8877503,2018,Short Tons,21.10877998,0.0,0.0,0.0,0.0,0.0,0.0,0.0,0.0,0.0,0.0,0.0,0.0,0.0,0.0,0.0,0.0,0.0,0.0,1142384.0,0.0,0.0,0.0,0.0,0.0,0.0,0.0
4820,Port of Anchorage,61.23555556,-149.8877503,2018,Short Tons,32.20514031,0.0,0.0,0.0,0.0,0.0,0.0,0.0,0.0,0.0,0.0,0.0,0.0,0.0,0.0,0.0,224015.0,0.0,0.0,0.0,0.0,0.0,0.0,0.0,0.0,0.0,0.0
4820,Port of Anchorage,61.23555556,-149.8877503,2018,Short Tons,72.72810577,0.0,0.0,0.0,0.0,0.0,0.0,0.0,0.0,0.0,0.0,0.0,0.0,0.0,0.0,131947.0,0.0,0.0,0.0,0.0,0.0,0.0,0.0,0.0,0.0,0.0,0.0
4820,Port of Anchorage,61.23555556,-149.8877503,2018,Vessel Calls,-29.98296423,0.0,0.0,0.0,0.0,0.0,0.0,0.0,0.0,0.0,0.0,0.0,0.0,0.0,0.0,0.0,0.0,0.0,0.0,0.0,0.0,0.0,0.0,0.0,411.0,0.0,0.0
4820,Port of Anchorage,61.23555556,-149.8877503,2018,Vessel Calls,-4.265402844,0.0,0.0,0.0,0.0,0.0,0.0,0.0,0.0,0.0,0.0,0.0,0.0,0.0,0.0,0.0,0.0,0.0,0.0,0.0,0.0,0.0,101.0,0.0,0.0,0.0,0.0
4820,Port of Anchorage,61.23555556,-149.8877503,2018,Vessel Calls,19.31818182,0.0,0.0,0.0,0.0,0.0,0.0,0.0,0.0,0.0,0.0,0.0,0.0,0.0,0.0,0.0,0.0,0.0,0.0,0.0,0.0,0.0,0.0,0.0,0.0,0.0,52.5
4820,Port of Anchorage,61.23555556,-149.8877503,2018,Vessel Calls,2.713178295,0.0,0.0,0.0,0.0,0.0,0.0,0.0,0.0,0.0,0.0,0.0,0.0,0.0,0.0,0.0,0.0,0.0,0.0,0.0,0.0,0.0,0.0,0.0,0.0,132.5,0.0
4820,Port of Anchorage,61.23555556,-149.8877503,2018,Vessel Calls,37.5,0.0,0.0,0.0,0.0,0.0,0.0,0.0,0.0,0.0,0.0,0.0,0.0,0.0,0.0,0.0,0.0,0.0,0.0,0.0,0.0,0.0,0.0,5.5,0.0,0.0,0.0
